Date,Time,Merchant,Amount,Category,Mood,Location,Calendar_Event,Group_ID,Balance_After,Risk_Score
2024-01-01,00:00:00,Restaurant,24.786756025717523,Healthcare,Happy,Home,Holiday,1,4928.248895818786,0.48526674234262157
2024-01-01,01:00:00,Shell Gas,74.7488043850101,Shopping,Happy,Home,Meeting,2,4816.3600839356,0.7779094067485368
2024-01-01,02:00:00,Grocery Store,54.94254779112463,Groceries,Happy,Restaurant,None,1,4788.004399489446,0.3823633310616279
2024-01-01,03:00:00,Netflix,15.391102928803715,Transport,Excited,Restaurant,Meeting,2,4749.660141328195,0.44312734532291453
2024-01-01,04:00:00,Restaurant,135.51154428087605,Shopping,Sad,Home,Holiday,2,4717.253038260984,0.37619046876962214
2024-01-01,05:00:00,Gym,88.0525431714446,Healthcare,Stressed,Travel,Birthday,1,4692.603047454851,0.36734051527727996
2024-01-01,06:00:00,Starbucks,11.164588207210516,Transport,Neutral,Gym,Vacation,3,4583.396473179186,0.5259465769014594
2024-01-01,07:00:00,Restaurant,62.68680455961323,Transport,Excited,Home,Meeting,1,4471.212016994998,0.8087994445011507
2024-01-01,08:00:00,Grocery Store,83.75555055422092,Shopping,Stressed,Work,Vacation,5,4450.752186571679,0.36176831192256587
2024-01-01,09:00:00,Netflix,33.45503143131086,Healthcare,Sad,Mall,Weekend,5,4403.017529553266,0.5242547205377367
2024-01-01,10:00:00,Shell Gas,13.570586480161854,Entertainment,Happy,Gym,None,3,4272.216011207993,0.6707273254426008
2024-01-01,11:00:00,Grocery Store,14.023697746339366,Healthcare,Sad,Work,None,2,4108.630523645741,0.269439446303655
2024-01-01,12:00:00,Grocery Store,15.504526787743593,Food,Neutral,Gym,Weekend,3,4073.0691369488454,0.27752280490239256
2024-01-01,13:00:00,Starbucks,101.76664727412276,Groceries,Excited,Work,Weekend,5,4042.919824699058,0.9334131270234548
2024-01-01,14:00:00,Uber,130.77996241174014,Bills,Excited,Mall,Meeting,3,4026.5852117396485,0.7235345733310886
2024-01-01,15:00:00,Netflix,16.551627685987413,Entertainment,Neutral,Mall,Weekend,1,3867.032059692511,0.5771866762233089
2024-01-01,16:00:00,Walmart,23.453225300537,Transport,Stressed,Restaurant,Birthday,3,3859.3270245444546,0.647720054420612
2024-01-01,17:00:00,Grocery Store,19.047355710689786,Entertainment,Stressed,Travel,Vacation,2,3815.97228060982,0.029299443103418366
2024-01-01,18:00:00,Uber,20.309459577495296,Groceries,Excited,Work,Vacation,1,3799.369660956717,0.6181029655616969
2024-01-01,19:00:00,Walmart,100.85102978785909,Transport,Excited,Restaurant,Holiday,4,3783.013278948455,0.5095088732242019
2024-01-01,20:00:00,Netflix,30.184315504512007,Groceries,Happy,Work,Weekend,5,3757.056224923238,0.5457496797794357
2024-01-01,21:00:00,Amazon,28.657950568014023,Transport,Stressed,Restaurant,Weekend,5,3421.078016847049,0.3594238268308171
2024-01-01,22:00:00,Gym,22.899408036612684,Entertainment,Neutral,Mall,Birthday,3,3418.251281947738,0.08147389771294189
2024-01-01,23:00:00,Uber,56.811203594411474,Transport,Stressed,Gym,None,1,3375.049545983642,0.19333923361205219
2024-01-02,00:00:00,Pharmacy,33.845829309196766,Transport,Happy,Restaurant,None,4,3370.740478558333,0.9507447132126717
2024-01-02,01:00:00,Amazon,78.1776756417382,Food,Excited,Work,Vacation,1,3362.347891196051,0.40869956227093396
2024-01-02,02:00:00,Gym,21.507137456078535,Healthcare,Excited,Work,Vacation,5,3333.395974269325,0.46668315583086417
2024-01-02,03:00:00,Starbucks,87.50892020735708,Healthcare,Happy,Travel,Meeting,1,3297.681505638362,0.05270978985343899
2024-01-02,04:00:00,Restaurant,56.281905607857915,Bills,Neutral,Mall,Birthday,4,3282.707778525075,0.03756622954398059
2024-01-02,05:00:00,Shell Gas,16.067003348033726,Bills,Excited,Work,Holiday,3,3263.6844832862357,0.7171814470467577
2024-01-02,06:00:00,Pharmacy,36.764846276430376,Food,Sad,Home,Holiday,2,3259.135319453867,0.5380946641211113
2024-01-02,07:00:00,Starbucks,109.578178572615,Bills,Excited,Gym,Birthday,1,3241.0710571400905,0.5087059842162667
2024-01-02,08:00:00,Netflix,138.1716760151855,Groceries,Sad,Restaurant,Holiday,2,3071.1732660094654,0.24312453042266868
2024-01-02,09:00:00,Starbucks,41.33990144756358,Entertainment,Happy,Travel,None,5,2926.4174728346993,0.7447507316299222
2024-01-02,10:00:00,Restaurant,42.77686687047855,Shopping,Happy,Gym,Holiday,3,2906.0282111985775,0.16823657910849188
2024-01-02,11:00:00,Netflix,135.32984453817505,Groceries,Excited,Mall,Holiday,3,2863.7303140421845,0.18993474366102003
2024-01-02,12:00:00,Pharmacy,54.2236445640353,Shopping,Stressed,Travel,Birthday,1,2743.5573125623046,0.46071217134827547
2024-01-02,13:00:00,Restaurant,11.669911689281532,Shopping,Sad,Restaurant,Birthday,3,2743.2471614792075,0.2862798621119409
2024-01-02,14:00:00,Walmart,131.94857809027064,Food,Neutral,Restaurant,Holiday,1,2660.0303898358648,0.24746298123314636
2024-01-02,15:00:00,Shell Gas,24.26600605329684,Groceries,Excited,Home,Weekend,1,2511.848203921733,0.6452376445533317
2024-01-02,16:00:00,Pharmacy,53.093909917129025,Food,Neutral,Mall,Birthday,2,2507.0597742904156,0.6509717452185445
2024-01-02,17:00:00,Walmart,19.04692472895775,Transport,Excited,Travel,Meeting,3,2498.2558588043057,0.8245170697999292
2024-01-02,18:00:00,Gym,11.723317984032873,Shopping,Stressed,Travel,Meeting,1,2336.3703766902145,0.41770856697297587
2024-01-02,19:00:00,Pharmacy,28.660049722259302,Entertainment,Stressed,Work,None,2,2297.810600547367,0.07308509102615024
2024-01-02,20:00:00,Gym,85.81917455297149,Bills,Stressed,Home,Holiday,4,2297.0956820118913,0.2736663849214577
2024-01-02,21:00:00,Netflix,26.257926021660623,Entertainment,Stressed,Home,Weekend,2,2282.2001720008,0.9800054631968169
2024-01-02,22:00:00,Walmart,22.42930002515979,Bills,Happy,Travel,None,2,2252.3134422218523,0.5962585752327021
2024-01-02,23:00:00,Shell Gas,21.95607510272061,Shopping,Happy,Travel,Holiday,1,2193.2828987896537,0.7097370848010203
2024-01-03,00:00:00,Restaurant,46.19822801179697,Shopping,Sad,Gym,Birthday,5,2127.227525377968,0.007357829625414536
2024-01-03,01:00:00,Grocery Store,195.53849696629098,Shopping,Neutral,Gym,Meeting,5,1857.9081919531154,0.5182057321825209
2024-01-03,02:00:00,Starbucks,40.7157822737962,Food,Excited,Gym,Vacation,5,1840.958637683305,0.03752865753180312
2024-01-03,03:00:00,Amazon,50.74375334605165,Groceries,Excited,Home,Weekend,2,1802.3252920637606,0.569230212091448
2024-01-03,04:00:00,Shell Gas,108.53187453073723,Bills,Happy,Work,Vacation,1,1764.2193378940374,0.9207708496360754
2024-01-03,05:00:00,Walmart,48.29339089132745,Groceries,Excited,Restaurant,Meeting,3,1738.2053913161158,0.9684191305004078
2024-01-03,06:00:00,Grocery Store,20.19541646739228,Food,Happy,Gym,Vacation,2,1728.9393752557262,0.5405526753889242
2024-01-03,07:00:00,Shell Gas,27.804892079464942,Food,Sad,Work,Birthday,2,1539.3238099718228,0.45820480525221596
2024-01-03,08:00:00,Walmart,28.548613718183493,Healthcare,Neutral,Mall,Holiday,1,1443.34967217743,0.945017094248494
2024-01-03,09:00:00,Uber,35.318288805846,Entertainment,Sad,Gym,Birthday,4,1408.8587330566247,0.6736098319966951
2024-01-03,10:00:00,Uber,37.825061377864515,Entertainment,Stressed,Restaurant,Vacation,2,1362.6368639259304,0.06489927953840946
2024-01-03,11:00:00,Gym,90.4174308151978,Transport,Stressed,Mall,Birthday,4,1349.746163813024,0.46572557766749756
2024-01-03,12:00:00,Shell Gas,31.492014106292036,Food,Stressed,Mall,Meeting,4,1310.506382435019,0.2402450184643039
2024-01-03,13:00:00,Uber,41.577382618090155,Bills,Sad,Restaurant,Weekend,5,1251.1391032861638,0.46980432144868156
2024-01-03,14:00:00,Walmart,59.0382610265661,Healthcare,Excited,Gym,Birthday,1,1214.9415614968675,0.45546557200636173
2024-01-03,15:00:00,Gym,33.71873421536969,Healthcare,Neutral,Home,Meeting,4,983.2364737353505,0.582144802814742
2024-01-03,16:00:00,Walmart,100.56693894052844,Groceries,Stressed,Restaurant,Weekend,1,935.9837429860736,0.35677049034925123
2024-01-03,17:00:00,Gym,54.27033024740655,Entertainment,Stressed,Restaurant,Holiday,5,912.8046314473895,0.16427044945592806
2024-01-03,18:00:00,Shell Gas,27.410166425350827,Food,Stressed,Restaurant,Vacation,1,838.8507984364742,0.5037194345899563
2024-01-03,19:00:00,Grocery Store,72.59852409301341,Transport,Neutral,Mall,Holiday,2,829.5064496175519,0.8302028843457621
2024-01-03,20:00:00,Restaurant,47.501511866331015,Food,Stressed,Work,None,4,805.2391483104002,0.6640122280676023
2024-01-03,21:00:00,Pharmacy,48.227421556525805,Groceries,Neutral,Home,Meeting,1,783.9333838827115,0.33836786592521584
2024-01-03,22:00:00,Grocery Store,42.80104337849837,Shopping,Stressed,Gym,Weekend,3,755.668669051206,0.9355230227588572
2024-01-03,23:00:00,Netflix,44.359443213819105,Food,Sad,Gym,Birthday,1,679.5561313977851,0.9122075712491822
2024-01-04,00:00:00,Walmart,82.48435024541864,Groceries,Sad,Work,Holiday,4,646.456936228411,0.20934839938409877
2024-01-04,01:00:00,Netflix,15.433938489562486,Shopping,Neutral,Restaurant,Weekend,5,567.4594732496553,0.039417585120362975
2024-01-04,02:00:00,Grocery Store,30.350525930288967,Shopping,Sad,Home,Meeting,5,524.5006951249597,0.7413087083507622
2024-01-04,03:00:00,Gym,13.925293333654249,Transport,Neutral,Gym,None,4,503.5679012739338,0.8276102613491533
2024-01-04,04:00:00,Pharmacy,79.96821423330417,Bills,Sad,Travel,Holiday,2,420.53693438747905,0.9678645659513553
2024-01-04,05:00:00,Pharmacy,25.893447618768477,Entertainment,Sad,Gym,Vacation,2,406.92748735489204,0.8898363940883107
2024-01-04,06:00:00,Amazon,123.86068910875895,Food,Neutral,Restaurant,Weekend,5,394.2226667901368,0.6005347682064148
2024-01-04,07:00:00,Pharmacy,47.38845481849859,Shopping,Excited,Travel,Vacation,5,359.11297546762853,0.5300523392123808
2024-01-04,08:00:00,Restaurant,90.65969072211561,Food,Sad,Work,Weekend,4,344.0003063929471,0.02784105126258629
2024-01-04,09:00:00,Pharmacy,202.99865945168509,Bills,Stressed,Home,Weekend,2,343.5438776985138,0.24665644684477783
2024-01-04,10:00:00,Grocery Store,101.56313526480886,Entertainment,Excited,Work,Meeting,5,291.29539225773806,0.45961475173292643
2024-01-04,11:00:00,Amazon,110.86796173271854,Bills,Neutral,Work,Meeting,2,255.51615866437623,0.6285039000835678
2024-01-04,12:00:00,Grocery Store,36.211122708950185,Entertainment,Excited,Home,Meeting,5,226.03012867252437,0.5572518333184107
2024-01-04,13:00:00,Grocery Store,50.117151559315445,Healthcare,Happy,Home,Birthday,1,100.0,0.7426359896816905
2024-01-04,14:00:00,Starbucks,24.644015598805765,Entertainment,Happy,Gym,Weekend,3,100.0,0.27976693088704085
2024-01-04,15:00:00,Amazon,20.914834547940693,Transport,Sad,Gym,Holiday,1,100.0,0.5649526076524732
2024-01-04,16:00:00,Grocery Store,45.21120307633305,Bills,Sad,Home,Vacation,5,100.0,0.08814224339079213
2024-01-04,17:00:00,Starbucks,55.19945783605168,Shopping,Stressed,Travel,Meeting,3,100.0,0.41366552358320696
2024-01-04,18:00:00,Starbucks,30.72059401138112,Healthcare,Excited,Mall,Meeting,3,100.0,0.750160832954601
2024-01-04,19:00:00,Amazon,52.13383811210001,Transport,Happy,Gym,Vacation,5,100.0,0.693400853429044
2024-01-04,20:00:00,Netflix,119.2225426235336,Food,Sad,Mall,Vacation,5,100.0,0.990642737172179
2024-01-04,21:00:00,Gym,50.677861477942315,Bills,Excited,Travel,Weekend,2,100.0,0.277891125987756
2024-01-04,22:00:00,Restaurant,73.79369078751611,Groceries,Sad,Home,Meeting,5,100.0,0.49818929917397914
2024-01-04,23:00:00,Gym,91.81861217540576,Groceries,Sad,Travel,Vacation,4,100.0,0.3295304137739967
2024-01-05,00:00:00,Pharmacy,234.27514391413683,Shopping,Happy,Gym,Birthday,5,100.0,0.44060311405917474
2024-01-05,01:00:00,Restaurant,56.21581783299176,Entertainment,Happy,Work,Birthday,4,100.0,0.8569501298693881
2024-01-05,02:00:00,Pharmacy,92.21444805488075,Shopping,Sad,Home,Meeting,5,100.0,0.6842090751884866
2024-01-05,03:00:00,Grocery Store,174.37020613601698,Groceries,Neutral,Restaurant,Vacation,2,100.0,0.8824411913475817
2024-01-05,04:00:00,Walmart,154.48735067402626,Food,Sad,Mall,Weekend,4,100.0,0.20351110833188646
2024-01-05,05:00:00,Amazon,17.604082266505973,Healthcare,Sad,Travel,Weekend,1,100.0,0.873361117841438
2024-01-05,06:00:00,Restaurant,36.07683147263391,Healthcare,Stressed,Home,Weekend,4,100.0,0.05976227417838442
2024-01-05,07:00:00,Restaurant,29.57737502712597,Bills,Stressed,Travel,None,2,100.0,0.8885992804371524
2024-01-05,08:00:00,Grocery Store,14.546863568288142,Healthcare,Stressed,Home,Meeting,4,100.0,0.3290737794607279
2024-01-05,09:00:00,Netflix,60.152485432919,Bills,Neutral,Gym,Weekend,5,100.0,0.3145876334140665
2024-01-05,10:00:00,Starbucks,76.57224637211866,Bills,Neutral,Gym,Birthday,5,100.0,0.5120885766986639
2024-01-05,11:00:00,Grocery Store,104.23589233849931,Bills,Sad,Gym,Vacation,2,100.0,0.9406901877232318
2024-01-05,12:00:00,Uber,16.549695860584738,Groceries,Stressed,Travel,Holiday,3,100.0,0.04778136468140537
2024-01-05,13:00:00,Starbucks,114.55306992442885,Groceries,Neutral,Restaurant,Holiday,5,100.0,0.3522309750707453
2024-01-05,14:00:00,Amazon,61.490550682724965,Entertainment,Happy,Gym,Weekend,1,100.0,0.8565719886833357
2024-01-05,15:00:00,Starbucks,70.86069326651327,Transport,Sad,Home,Holiday,2,100.0,0.39605447743546673
2024-01-05,16:00:00,Netflix,130.74515644153604,Bills,Excited,Gym,Holiday,4,100.0,0.199156897597067
2024-01-05,17:00:00,Starbucks,59.009642250546676,Bills,Sad,Work,None,4,100.0,0.4247941813314118
2024-01-05,18:00:00,Amazon,30.463556377238348,Transport,Excited,Gym,Birthday,1,100.0,0.3855525014916693
2024-01-05,19:00:00,Netflix,97.17914078164766,Shopping,Stressed,Travel,Birthday,5,100.0,0.9154162014667034
2024-01-05,20:00:00,Gym,32.55392912554495,Bills,Excited,Restaurant,None,2,100.0,0.7619343757430971
2024-01-05,21:00:00,Restaurant,11.741380611036071,Entertainment,Stressed,Work,None,1,100.0,0.5051155557440064
2024-01-05,22:00:00,Restaurant,98.79071555137776,Healthcare,Happy,Travel,Holiday,5,100.0,0.9883705667215711
2024-01-05,23:00:00,Pharmacy,31.17067186732376,Healthcare,Excited,Travel,Meeting,2,100.0,0.4652775312759233
2024-01-06,00:00:00,Gym,84.32441747060187,Food,Sad,Travel,Vacation,4,100.0,0.05823783082027523
2024-01-06,01:00:00,Gym,32.53028122253319,Food,Stressed,Home,Vacation,2,100.0,0.2622743218149849
2024-01-06,02:00:00,Starbucks,108.68854089797509,Healthcare,Sad,Travel,Holiday,3,100.0,0.4360704802193126
2024-01-06,03:00:00,Restaurant,22.39170120834244,Healthcare,Neutral,Home,Vacation,2,100.0,0.1569026241461201
2024-01-06,04:00:00,Amazon,193.54660419770318,Groceries,Stressed,Travel,None,3,100.0,0.947565126324043
2024-01-06,05:00:00,Shell Gas,85.65159275433776,Entertainment,Excited,Mall,Birthday,2,100.0,0.7668488978177731
2024-01-06,06:00:00,Shell Gas,16.065345192688063,Transport,Stressed,Work,Vacation,3,100.0,0.26828720042777265
2024-01-06,07:00:00,Netflix,51.70980883783708,Food,Sad,Mall,Holiday,4,100.0,0.5908045335179158
2024-01-06,08:00:00,Restaurant,221.22486826447692,Groceries,Happy,Travel,Meeting,5,100.0,0.721449157109572
2024-01-06,09:00:00,Restaurant,41.84452919393762,Groceries,Stressed,Work,Holiday,3,100.0,0.941278928906798
2024-01-06,10:00:00,Shell Gas,20.051196375603535,Transport,Excited,Work,Weekend,3,100.0,0.8816353491754106
2024-01-06,11:00:00,Restaurant,43.15790579233518,Groceries,Neutral,Restaurant,Holiday,4,100.0,0.5151922261382137
2024-01-06,12:00:00,Starbucks,45.91890662934657,Entertainment,Happy,Mall,None,3,100.0,0.7746526197930176
2024-01-06,13:00:00,Uber,77.67915175830406,Healthcare,Neutral,Restaurant,Birthday,1,100.0,0.562144753827585
2024-01-06,14:00:00,Walmart,70.00665147876367,Bills,Stressed,Work,Birthday,4,100.0,0.5527038900455401
2024-01-06,15:00:00,Gym,35.754237682907046,Transport,Sad,Home,Vacation,1,100.0,0.1147419583381919
2024-01-06,16:00:00,Pharmacy,22.296504404929372,Healthcare,Sad,Work,None,4,100.0,0.12613765801615207
2024-01-06,17:00:00,Netflix,61.7895043207377,Healthcare,Excited,Restaurant,Weekend,3,100.0,0.5295336150224574
2024-01-06,18:00:00,Uber,37.383465874770486,Shopping,Sad,Mall,None,1,100.0,0.2688615449790066
2024-01-06,19:00:00,Shell Gas,17.094091527264332,Transport,Happy,Travel,Holiday,3,100.0,0.02103690246046863
2024-01-06,20:00:00,Gym,125.41622722721381,Groceries,Sad,Travel,None,4,100.0,0.7228392039002123
2024-01-06,21:00:00,Restaurant,68.75661228756965,Bills,Excited,Mall,None,3,100.0,0.03248659669016496
2024-01-06,22:00:00,Pharmacy,67.47168310752113,Transport,Stressed,Travel,Weekend,1,100.0,0.5952768411040545
2024-01-06,23:00:00,Restaurant,96.46286610482498,Groceries,Stressed,Travel,Holiday,1,100.0,0.5391937941273144
2024-01-07,00:00:00,Amazon,47.7151505292264,Healthcare,Sad,Restaurant,Meeting,3,100.0,0.9688146905778044
2024-01-07,01:00:00,Amazon,94.38468523861012,Bills,Neutral,Mall,Meeting,2,100.0,0.48421313934764165
2024-01-07,02:00:00,Pharmacy,44.4667979760125,Groceries,Stressed,Gym,Birthday,4,100.0,0.06360143637779736
2024-01-07,03:00:00,Pharmacy,13.476904571529849,Entertainment,Sad,Home,Vacation,4,100.0,0.5516879678064617
2024-01-07,04:00:00,Shell Gas,35.980545752732986,Groceries,Excited,Home,None,3,100.0,0.8410961706161014
2024-01-07,05:00:00,Pharmacy,44.40448893813034,Shopping,Sad,Travel,Birthday,2,100.0,0.9968492842814399
2024-01-07,06:00:00,Starbucks,73.68447217495844,Healthcare,Stressed,Home,Weekend,1,100.0,0.4303431736890725
2024-01-07,07:00:00,Restaurant,15.634853128338271,Groceries,Excited,Mall,Meeting,5,100.0,0.3202987424967425
2024-01-07,08:00:00,Uber,17.542222327442374,Food,Sad,Mall,None,5,100.0,0.9066532969519989
2024-01-07,09:00:00,Grocery Store,25.3047818263105,Food,Happy,Work,Weekend,3,100.0,0.19124212907612137
2024-01-07,10:00:00,Pharmacy,25.496274552071036,Shopping,Excited,Work,Vacation,2,100.0,0.6154289150329266
2024-01-07,11:00:00,Netflix,75.87286306726111,Entertainment,Happy,Home,Weekend,2,100.0,0.4057144241809477
2024-01-07,12:00:00,Amazon,24.43283806944411,Healthcare,Neutral,Gym,None,4,100.0,0.041082364955555284
2024-01-07,13:00:00,Starbucks,60.13303346206966,Transport,Excited,Work,Vacation,1,100.0,0.34728847430569776
2024-01-07,14:00:00,Gym,44.08799810031283,Shopping,Happy,Work,Weekend,2,100.0,0.2652285225026746
2024-01-07,15:00:00,Grocery Store,52.583045688112485,Entertainment,Stressed,Mall,Vacation,5,100.0,0.6860911539434869
2024-01-07,16:00:00,Uber,101.04097141771929,Transport,Stressed,Gym,None,1,100.0,0.9487904976919181
2024-01-07,17:00:00,Grocery Store,35.90774600702631,Food,Neutral,Travel,None,1,100.0,0.26804718737863775
2024-01-07,18:00:00,Pharmacy,83.68231752868158,Food,Excited,Home,Vacation,3,100.0,0.8114659391516817
2024-01-07,19:00:00,Shell Gas,37.412189951089495,Transport,Excited,Work,Holiday,2,100.0,0.05535981693840952
2024-01-07,20:00:00,Amazon,31.837834376423746,Shopping,Excited,Gym,Birthday,3,100.0,0.5381210100398132
2024-01-07,21:00:00,Amazon,169.256553527704,Food,Neutral,Gym,Weekend,2,100.0,0.07055006370989458
2024-01-07,22:00:00,Gym,20.18977935085904,Healthcare,Excited,Home,Weekend,4,100.0,0.9340329911306393
2024-01-07,23:00:00,Shell Gas,14.734051719658968,Bills,Stressed,Gym,Holiday,3,100.0,0.7663512805573902
2024-01-08,00:00:00,Restaurant,83.69859083863787,Groceries,Happy,Gym,Holiday,3,100.0,0.6579499112045923
2024-01-08,01:00:00,Walmart,13.534521219715772,Transport,Stressed,Gym,Holiday,5,100.0,0.8238963816246643
2024-01-08,02:00:00,Starbucks,100.72449005873231,Transport,Stressed,Work,Meeting,3,100.0,0.6475197955701631
2024-01-08,03:00:00,Amazon,38.74096101296449,Food,Happy,Home,Meeting,2,100.0,0.9689443971742911
2024-01-08,04:00:00,Netflix,133.55828095813777,Shopping,Stressed,Gym,Vacation,5,100.0,0.7139579478647715
2024-01-08,05:00:00,Amazon,73.9227609916472,Healthcare,Neutral,Gym,Meeting,3,100.0,0.9246586095822468
2024-01-08,06:00:00,Grocery Store,57.13233431293513,Shopping,Happy,Work,None,3,100.0,0.517131892010638
2024-01-08,07:00:00,Amazon,159.0981720814074,Entertainment,Stressed,Home,Vacation,4,100.0,0.11706441298186265
2024-01-08,08:00:00,Amazon,35.26283901757652,Entertainment,Sad,Mall,Weekend,3,100.0,0.5281777214230171
2024-01-08,09:00:00,Walmart,164.05027977144246,Bills,Stressed,Work,Birthday,1,100.0,0.1268728280630933
2024-01-08,10:00:00,Walmart,17.25136244194353,Food,Neutral,Home,None,5,100.0,0.592493479176405
2024-01-08,11:00:00,Uber,43.058685375157495,Food,Excited,Gym,Weekend,1,100.0,0.48249306052766294
2024-01-08,12:00:00,Restaurant,25.72945695363022,Food,Stressed,Home,Weekend,5,100.0,0.6225753978327817
2024-01-08,13:00:00,Netflix,48.80935314559949,Bills,Excited,Home,Vacation,4,100.0,0.010046981054831594
2024-01-08,14:00:00,Amazon,18.83768696834995,Entertainment,Sad,Travel,Holiday,3,100.0,0.1948404916553641
2024-01-08,15:00:00,Amazon,102.1093917234848,Shopping,Stressed,Home,Holiday,3,100.0,0.4913304319121309
2024-01-08,16:00:00,Starbucks,103.67272809413241,Bills,Happy,Mall,None,3,100.0,0.9505035615891348
2024-01-08,17:00:00,Walmart,165.31790100496733,Bills,Excited,Home,Holiday,5,100.0,0.3836090403551584
2024-01-08,18:00:00,Netflix,18.40153639611715,Shopping,Sad,Mall,Weekend,3,100.0,0.42437202605363467
2024-01-08,19:00:00,Gym,58.819628935131526,Food,Happy,Gym,Holiday,1,100.0,0.7146960890066222
2024-01-08,20:00:00,Uber,42.14526626357529,Healthcare,Happy,Mall,Meeting,3,100.0,0.603792757286118
2024-01-08,21:00:00,Restaurant,31.108980928843465,Shopping,Happy,Gym,Holiday,4,100.0,0.29892615009833323
2024-01-08,22:00:00,Shell Gas,31.65776032086906,Entertainment,Happy,Gym,Weekend,1,100.0,0.4108163955674278
2024-01-08,23:00:00,Restaurant,36.61894092215098,Transport,Stressed,Mall,Vacation,3,100.0,0.21769979885723245
2024-01-09,00:00:00,Grocery Store,71.02637902737547,Transport,Stressed,Work,None,3,100.0,0.9660214591302085
2024-01-09,01:00:00,Amazon,55.600751569678195,Groceries,Stressed,Restaurant,Birthday,2,100.0,0.13063438155735974
2024-01-09,02:00:00,Uber,40.77982610495947,Groceries,Sad,Home,Holiday,5,100.0,0.37183678456641944
2024-01-09,03:00:00,Grocery Store,13.948557161879478,Bills,Sad,Travel,Weekend,1,100.0,0.02583897222001119
2024-01-09,04:00:00,Netflix,14.04777901502652,Transport,Sad,Restaurant,Birthday,2,100.0,0.2217794919335464
2024-01-09,05:00:00,Shell Gas,10.11710656375811,Healthcare,Neutral,Home,Birthday,4,100.0,0.7804711383801549
2024-01-09,06:00:00,Walmart,181.6334553987914,Food,Sad,Home,Meeting,5,100.0,0.20117523228887946
2024-01-09,07:00:00,Uber,10.263383419704391,Entertainment,Stressed,Gym,Birthday,1,100.0,0.0800634025289656
2024-01-09,08:00:00,Uber,15.440196649556823,Groceries,Stressed,Home,Vacation,3,100.0,0.4744531798445233
2024-01-09,09:00:00,Amazon,28.887382296607218,Healthcare,Neutral,Travel,Weekend,1,100.0,0.009969234734518495
2024-01-09,10:00:00,Pharmacy,92.36484313273505,Entertainment,Neutral,Home,Weekend,3,100.0,0.08476615442633317
2024-01-09,11:00:00,Uber,173.63860647604406,Entertainment,Sad,Mall,Holiday,5,100.0,0.8076258695629751
2024-01-09,12:00:00,Starbucks,88.03561580123133,Food,Excited,Restaurant,Holiday,3,100.0,0.7714733448596064
2024-01-09,13:00:00,Shell Gas,68.6495908949555,Bills,Neutral,Mall,Holiday,4,100.0,0.915138820404896
2024-01-09,14:00:00,Shell Gas,46.834128840279845,Transport,Happy,Travel,Vacation,3,100.0,0.8545154359107495
2024-01-09,15:00:00,Starbucks,14.534828596375345,Food,Stressed,Home,Birthday,4,100.0,0.6831755632398181
2024-01-09,16:00:00,Gym,168.70802257437816,Healthcare,Happy,Travel,Birthday,5,100.0,0.05233285730066284
2024-01-09,17:00:00,Starbucks,81.02202070914859,Bills,Stressed,Gym,Meeting,5,100.0,0.7828486179866575
2024-01-09,18:00:00,Starbucks,60.93685618235077,Healthcare,Stressed,Mall,Vacation,1,100.0,0.8455108108405605
2024-01-09,19:00:00,Shell Gas,81.15535466148019,Bills,Neutral,Mall,Holiday,4,100.0,0.7990821457719545
2024-01-09,20:00:00,Restaurant,74.3864432393812,Groceries,Neutral,Work,None,4,100.0,0.5084790353080261
2024-01-09,21:00:00,Shell Gas,60.6995304576741,Healthcare,Happy,Home,Meeting,2,100.0,0.23290183864948166
2024-01-09,22:00:00,Pharmacy,207.06435301906654,Food,Stressed,Gym,None,2,100.0,0.8453299756887267
2024-01-09,23:00:00,Amazon,126.84009987597514,Bills,Happy,Mall,Birthday,2,100.0,0.7271628097401385
2024-01-10,00:00:00,Grocery Store,62.01692173307721,Bills,Excited,Mall,Meeting,3,100.0,0.9807611743888516
2024-01-10,01:00:00,Restaurant,69.07392078382136,Entertainment,Happy,Gym,Meeting,2,100.0,0.15569259775593292
2024-01-10,02:00:00,Walmart,12.648725165523896,Entertainment,Sad,Travel,Weekend,4,100.0,0.22566458305205506
2024-01-10,03:00:00,Grocery Store,65.42062741845676,Shopping,Happy,Travel,Birthday,3,100.0,0.2117981498815027
2024-01-10,04:00:00,Amazon,12.258521645198659,Healthcare,Sad,Home,Birthday,5,100.0,0.7925397676213367
2024-01-10,05:00:00,Pharmacy,54.3686160729957,Entertainment,Sad,Work,Vacation,1,100.0,0.18690729645011817
2024-01-10,06:00:00,Pharmacy,377.1968344095054,Shopping,Sad,Mall,Meeting,2,100.0,0.0666598298233061
2024-01-10,07:00:00,Walmart,50.57475920071192,Groceries,Excited,Work,Birthday,5,100.0,0.9985608065856286
2024-01-10,08:00:00,Restaurant,42.04767579909228,Groceries,Happy,Travel,Meeting,4,100.0,0.024817211445149145
2024-01-10,09:00:00,Gym,28.760486880621663,Entertainment,Happy,Travel,Vacation,1,100.0,0.8352440601588657
2024-01-10,10:00:00,Starbucks,16.421369371624394,Healthcare,Excited,Restaurant,Vacation,5,100.0,0.3653668415506528
2024-01-10,11:00:00,Restaurant,75.65659506192625,Bills,Stressed,Home,Weekend,1,100.0,0.8416154597578153
2024-01-10,12:00:00,Gym,20.696743321712994,Transport,Neutral,Restaurant,Meeting,2,100.0,0.554620491211145
2024-01-10,13:00:00,Pharmacy,16.124317641784792,Healthcare,Happy,Restaurant,Birthday,4,100.0,0.9016312294863601
2024-01-10,14:00:00,Shell Gas,37.388543564441264,Food,Neutral,Restaurant,Birthday,1,100.0,0.9261929864146267
2024-01-10,15:00:00,Amazon,89.32070969562777,Groceries,Excited,Home,Meeting,5,100.0,0.009098181280775997
2024-01-10,16:00:00,Walmart,78.33724478748522,Entertainment,Stressed,Home,Meeting,2,100.0,0.07541217599278827
2024-01-10,17:00:00,Amazon,12.82230709487037,Entertainment,Stressed,Gym,Meeting,2,100.0,0.2503587295708555
2024-01-10,18:00:00,Netflix,40.36165806734008,Bills,Stressed,Work,Holiday,5,100.0,0.6693154163635017
2024-01-10,19:00:00,Netflix,46.95270574916594,Food,Excited,Work,Birthday,5,100.0,0.888272196511506
2024-01-10,20:00:00,Restaurant,61.7180631869369,Bills,Sad,Gym,Vacation,1,100.0,0.45994195129396276
2024-01-10,21:00:00,Pharmacy,62.51501914847696,Food,Sad,Gym,Birthday,3,100.0,0.6069731162742654
2024-01-10,22:00:00,Pharmacy,32.68268106005827,Transport,Neutral,Travel,Holiday,2,100.0,0.18849985279556114
2024-01-10,23:00:00,Starbucks,51.12604074733103,Groceries,Sad,Restaurant,Meeting,1,100.0,0.8049668338816853
2024-01-11,00:00:00,Starbucks,42.79853198096581,Entertainment,Sad,Gym,Weekend,5,100.0,0.9673281113534697
2024-01-11,01:00:00,Starbucks,118.140442980955,Entertainment,Stressed,Mall,Meeting,1,100.0,0.26859893291459747
2024-01-11,02:00:00,Shell Gas,47.77934277191066,Transport,Stressed,Work,Meeting,5,100.0,0.4948259516005463
2024-01-11,03:00:00,Grocery Store,39.08316709577059,Shopping,Neutral,Gym,Holiday,4,100.0,0.0861161105063738
2024-01-11,04:00:00,Uber,35.916472835082814,Groceries,Happy,Mall,Birthday,5,100.0,0.5591366564629684
2024-01-11,05:00:00,Grocery Store,52.481601055005314,Bills,Neutral,Mall,Meeting,5,100.0,0.5027834418466806
2024-01-11,06:00:00,Amazon,91.47615873061667,Transport,Neutral,Mall,Birthday,5,100.0,0.1444364841550776
2024-01-11,07:00:00,Grocery Store,48.652989626066784,Bills,Excited,Travel,None,3,100.0,0.44206621311807504
2024-01-11,08:00:00,Shell Gas,64.18448557359892,Healthcare,Excited,Travel,Vacation,5,100.0,0.33410465208656326
2024-01-11,09:00:00,Amazon,76.9430209352306,Entertainment,Neutral,Mall,Birthday,2,100.0,0.5218308753051893
2024-01-11,10:00:00,Grocery Store,46.71597326693474,Bills,Neutral,Travel,Weekend,2,100.0,0.5856543354287992
2024-01-11,11:00:00,Shell Gas,37.82751701852447,Food,Neutral,Restaurant,Vacation,1,100.0,0.008495578607209509
2024-01-11,12:00:00,Uber,114.64270561513258,Bills,Sad,Mall,Weekend,3,100.0,0.7610059829495553
2024-01-11,13:00:00,Grocery Store,37.021826913995206,Healthcare,Excited,Restaurant,Meeting,1,100.0,0.7130142918617408
2024-01-11,14:00:00,Shell Gas,40.98952493829842,Groceries,Neutral,Restaurant,Vacation,2,100.0,0.3662863862065222
2024-01-11,15:00:00,Starbucks,241.99487983531827,Entertainment,Stressed,Mall,Birthday,2,100.0,0.05293593556881826
2024-01-11,16:00:00,Pharmacy,10.011877589453837,Transport,Stressed,Work,Vacation,4,100.0,0.7549325397850504
2024-01-11,17:00:00,Starbucks,20.257379565247952,Healthcare,Sad,Mall,Meeting,5,100.0,0.9551751604781324
2024-01-11,18:00:00,Pharmacy,34.222484845326605,Entertainment,Sad,Mall,Holiday,2,100.0,0.2401515960220142
2024-01-11,19:00:00,Walmart,144.84802802390337,Bills,Happy,Travel,Weekend,1,100.0,0.3235246137370379
2024-01-11,20:00:00,Walmart,13.630131750446429,Groceries,Happy,Mall,Meeting,1,100.0,0.18381288948181496
2024-01-11,21:00:00,Walmart,10.476535343620496,Shopping,Happy,Work,Holiday,5,100.0,0.5769361233448397
2024-01-11,22:00:00,Uber,12.706119149492059,Groceries,Sad,Travel,Vacation,5,100.0,0.15484139464745494
2024-01-11,23:00:00,Starbucks,14.63556557325195,Shopping,Sad,Home,Vacation,4,100.0,0.35619394346137945
2024-01-12,00:00:00,Pharmacy,11.91608807329819,Food,Sad,Home,Meeting,3,100.0,0.697013013934263
2024-01-12,01:00:00,Shell Gas,42.67530152633423,Groceries,Stressed,Restaurant,Birthday,1,100.0,0.5601159830093484
2024-01-12,02:00:00,Amazon,53.465253459471924,Entertainment,Sad,Restaurant,Vacation,5,100.0,0.38646256432793524
2024-01-12,03:00:00,Shell Gas,25.851216920354908,Shopping,Stressed,Work,Birthday,1,100.0,0.4202496018075419
2024-01-12,04:00:00,Amazon,35.39876648378588,Transport,Happy,Gym,Birthday,5,100.0,0.5621108826232295
2024-01-12,05:00:00,Netflix,14.80899132299789,Entertainment,Happy,Home,Birthday,2,100.0,0.005864727887161303
2024-01-12,06:00:00,Shell Gas,30.501560632879126,Transport,Happy,Restaurant,None,1,100.0,0.07850986845360985
2024-01-12,07:00:00,Grocery Store,46.961565588691435,Groceries,Neutral,Home,Holiday,2,100.0,0.8812580677630116
2024-01-12,08:00:00,Grocery Store,75.88915095194795,Transport,Neutral,Work,Holiday,1,100.0,0.07787898909129076
2024-01-12,09:00:00,Restaurant,10.167598681744167,Shopping,Excited,Work,Vacation,3,100.0,0.7068035962105051
2024-01-12,10:00:00,Starbucks,41.49085382612012,Entertainment,Excited,Gym,Vacation,4,100.0,0.9200381641090526
2024-01-12,11:00:00,Amazon,27.62012394326543,Bills,Excited,Gym,Birthday,2,100.0,0.2706836043017311
2024-01-12,12:00:00,Amazon,105.80556644331563,Healthcare,Neutral,Travel,None,5,100.0,0.37049143705951426
2024-01-12,13:00:00,Starbucks,72.86047213730734,Shopping,Neutral,Work,Birthday,3,100.0,0.5689214058447163
2024-01-12,14:00:00,Uber,54.47130867490238,Shopping,Excited,Restaurant,None,1,100.0,0.8817089696385847
2024-01-12,15:00:00,Restaurant,26.23567728865771,Bills,Excited,Home,Birthday,2,100.0,0.9419055872604202
2024-01-12,16:00:00,Uber,130.58602626660718,Entertainment,Sad,Mall,Weekend,1,100.0,0.7395632481112681
2024-01-12,17:00:00,Uber,12.307468261586127,Entertainment,Excited,Gym,Weekend,1,100.0,0.08661976085469403
2024-01-12,18:00:00,Uber,15.796789568857452,Groceries,Sad,Mall,Meeting,1,100.0,0.6691541555348508
2024-01-12,19:00:00,Starbucks,34.84861302444003,Transport,Stressed,Restaurant,Birthday,4,100.0,0.41030372187266206
2024-01-12,20:00:00,Uber,16.644440373292973,Groceries,Neutral,Gym,Vacation,4,100.0,0.4707009994910616
2024-01-12,21:00:00,Grocery Store,166.65291146111073,Bills,Excited,Mall,Holiday,5,100.0,0.04914839034517704
2024-01-12,22:00:00,Walmart,89.97173611508444,Groceries,Neutral,Restaurant,Meeting,2,100.0,0.19106213934635818
2024-01-12,23:00:00,Netflix,24.986562090840437,Bills,Neutral,Home,Vacation,3,100.0,0.7905136075336477
2024-01-13,00:00:00,Amazon,54.403902560116414,Entertainment,Neutral,Restaurant,Weekend,3,100.0,0.4539588330478598
2024-01-13,01:00:00,Amazon,211.79580715258618,Transport,Stressed,Travel,Birthday,3,100.0,0.30166224163114885
2024-01-13,02:00:00,Netflix,117.79409447282342,Groceries,Happy,Gym,Meeting,1,100.0,0.38401907396495816
2024-01-13,03:00:00,Starbucks,55.914442143727,Shopping,Excited,Work,Birthday,4,100.0,0.8543995133256802
2024-01-13,04:00:00,Shell Gas,127.02679357393122,Food,Happy,Home,Weekend,2,100.0,0.7489990174049569
2024-01-13,05:00:00,Starbucks,236.34064402894808,Healthcare,Happy,Mall,Meeting,1,100.0,0.2723153971810828
2024-01-13,06:00:00,Amazon,78.00264945186912,Shopping,Happy,Gym,Weekend,4,100.0,0.11750184021237331
2024-01-13,07:00:00,Amazon,13.359710724333693,Entertainment,Neutral,Work,None,4,100.0,0.2519982216440717
2024-01-13,08:00:00,Netflix,35.67314127517182,Healthcare,Sad,Restaurant,Weekend,2,100.0,0.9207564510547337
2024-01-13,09:00:00,Uber,100.95419068905217,Food,Neutral,Work,Birthday,2,100.0,0.5815888378497553
2024-01-13,10:00:00,Starbucks,23.1052126409987,Food,Neutral,Gym,Holiday,2,100.0,0.5334802087447829
2024-01-13,11:00:00,Pharmacy,98.78717592654691,Transport,Happy,Gym,Weekend,1,100.0,0.5963935996924615
2024-01-13,12:00:00,Netflix,16.41092012413737,Healthcare,Neutral,Travel,Vacation,5,100.0,0.36602826574651526
2024-01-13,13:00:00,Grocery Store,12.404151962320228,Transport,Happy,Travel,Holiday,2,100.0,0.8071070203195128
2024-01-13,14:00:00,Amazon,34.23277114225418,Shopping,Sad,Work,None,5,100.0,0.5232862493002498
2024-01-13,15:00:00,Netflix,11.871177197669105,Bills,Excited,Restaurant,Meeting,1,100.0,0.11674790276879554
2024-01-13,16:00:00,Starbucks,167.64300919405989,Bills,Happy,Work,Meeting,5,100.0,0.12906512482906296
2024-01-13,17:00:00,Amazon,97.49414194025213,Bills,Sad,Gym,Holiday,3,100.0,0.5368591465026183
2024-01-13,18:00:00,Shell Gas,90.66468861829932,Healthcare,Excited,Gym,Meeting,5,100.0,0.9365702180708392
2024-01-13,19:00:00,Netflix,59.682612263910606,Bills,Stressed,Mall,Weekend,2,100.0,0.30835212167619874
2024-01-13,20:00:00,Restaurant,22.18798193755001,Shopping,Happy,Travel,Holiday,1,100.0,0.8695411688592183
2024-01-13,21:00:00,Amazon,46.51757453538804,Transport,Happy,Mall,Birthday,2,100.0,0.7640955865788793
2024-01-13,22:00:00,Starbucks,55.474951443369505,Healthcare,Stressed,Home,Weekend,3,100.0,0.24781244290690685
2024-01-13,23:00:00,Walmart,47.22533973735849,Transport,Stressed,Gym,Weekend,2,100.0,0.036340748316242455
2024-01-14,00:00:00,Pharmacy,25.07102523088316,Healthcare,Happy,Mall,Weekend,2,100.0,0.10184726514238274
2024-01-14,01:00:00,Gym,46.205885144894516,Transport,Stressed,Work,Birthday,2,100.0,0.7284939338474402
2024-01-14,02:00:00,Uber,43.783671076974784,Food,Neutral,Travel,None,4,100.0,0.1996697380406467
2024-01-14,03:00:00,Gym,290.4569322960533,Transport,Excited,Travel,Vacation,3,100.0,0.3712709205053938
2024-01-14,04:00:00,Starbucks,123.86348642316145,Bills,Excited,Restaurant,Meeting,2,100.0,0.5016991660064248
2024-01-14,05:00:00,Grocery Store,41.12332321436137,Food,Excited,Work,Holiday,2,100.0,0.7254681684501628
2024-01-14,06:00:00,Grocery Store,58.767200615787395,Transport,Neutral,Restaurant,None,2,100.0,0.11323122325912538
2024-01-14,07:00:00,Walmart,78.89084068275511,Healthcare,Stressed,Mall,Holiday,1,100.0,0.4063664052774615
2024-01-14,08:00:00,Uber,11.774372853844074,Healthcare,Sad,Home,Meeting,4,100.0,0.4850729091426954
2024-01-14,09:00:00,Restaurant,122.65235148941785,Healthcare,Stressed,Work,Birthday,1,100.0,0.5408270639715397
2024-01-14,10:00:00,Walmart,108.35095492213792,Entertainment,Happy,Work,Weekend,4,100.0,0.8183606413952167
2024-01-14,11:00:00,Gym,40.57210180029844,Shopping,Excited,Work,Weekend,2,100.0,0.1716781950432169
2024-01-14,12:00:00,Walmart,34.810790608517365,Healthcare,Stressed,Restaurant,Birthday,3,100.0,0.8078314518266223
2024-01-14,13:00:00,Gym,25.938646124105567,Food,Sad,Mall,None,5,100.0,0.6928784276966522
2024-01-14,14:00:00,Amazon,42.377804334409795,Healthcare,Happy,Work,None,5,100.0,0.5558708141989593
2024-01-14,15:00:00,Grocery Store,12.269572154034547,Entertainment,Neutral,Work,Holiday,2,100.0,0.6995278704025719
2024-01-14,16:00:00,Amazon,105.59257593492767,Bills,Neutral,Travel,Birthday,1,100.0,0.4120177389516564
2024-01-14,17:00:00,Pharmacy,11.803248046831621,Food,Sad,Home,None,3,100.0,0.13839758596812457
2024-01-14,18:00:00,Uber,29.95313477086502,Entertainment,Happy,Travel,Birthday,4,100.0,0.6657652402653673
2024-01-14,19:00:00,Restaurant,144.11143933070966,Bills,Excited,Travel,Meeting,2,100.0,0.5246723066856223
2024-01-14,20:00:00,Gym,76.44141225235313,Groceries,Stressed,Home,Weekend,3,100.0,0.6393748005427755
2024-01-14,21:00:00,Restaurant,26.52189125844102,Groceries,Happy,Mall,Weekend,3,100.0,0.33799878102849
2024-01-14,22:00:00,Gym,24.561022520765448,Food,Neutral,Travel,Weekend,4,100.0,0.9068665773398359
2024-01-14,23:00:00,Starbucks,10.254754890606337,Transport,Sad,Mall,Birthday,3,100.0,0.5873698685755769
2024-01-15,00:00:00,Walmart,69.48940963919316,Shopping,Sad,Travel,Birthday,1,100.0,0.08540248429087383
2024-01-15,01:00:00,Pharmacy,12.500683655407924,Shopping,Stressed,Gym,Holiday,1,100.0,0.44980399070442867
2024-01-15,02:00:00,Grocery Store,48.028762356871994,Entertainment,Sad,Home,Weekend,1,100.0,0.7563560547436343
2024-01-15,03:00:00,Gym,173.66920433919597,Bills,Sad,Travel,Holiday,3,100.0,0.7941345617322724
2024-01-15,04:00:00,Restaurant,15.796860390325048,Shopping,Happy,Gym,Weekend,1,100.0,0.49459705276375876
2024-01-15,05:00:00,Pharmacy,122.44270581830989,Bills,Excited,Restaurant,Holiday,4,100.0,0.8947475708313011
2024-01-15,06:00:00,Shell Gas,248.2395784893735,Bills,Stressed,Gym,Holiday,3,100.0,0.26766843719429756
2024-01-15,07:00:00,Shell Gas,13.174528254527834,Entertainment,Happy,Work,Meeting,5,100.0,0.4105986972382666
2024-01-15,08:00:00,Amazon,117.23902732126378,Entertainment,Excited,Travel,Holiday,3,100.0,0.8985969105689701
2024-01-15,09:00:00,Grocery Store,46.29168254870607,Entertainment,Happy,Gym,Birthday,4,100.0,0.8962567164715789
2024-01-15,10:00:00,Starbucks,128.49702927406435,Shopping,Happy,Mall,Holiday,5,100.0,0.6857127688246809
2024-01-15,11:00:00,Restaurant,52.35210454556722,Groceries,Sad,Restaurant,Weekend,3,100.0,0.8589805471222202
2024-01-15,12:00:00,Walmart,64.25204146345118,Entertainment,Excited,Travel,Holiday,1,100.0,0.08877326695623267
2024-01-15,13:00:00,Walmart,49.23888680435324,Shopping,Stressed,Work,None,2,100.0,0.8649949762077763
2024-01-15,14:00:00,Restaurant,109.93655480927774,Entertainment,Stressed,Gym,Vacation,2,100.0,0.32061990655022676
2024-01-15,15:00:00,Uber,76.19601884897996,Healthcare,Excited,Restaurant,Weekend,1,100.0,0.17833151242821632
2024-01-15,16:00:00,Starbucks,46.82991392608497,Bills,Sad,Travel,None,2,100.0,0.23936983634204634
2024-01-15,17:00:00,Pharmacy,111.30861557657622,Entertainment,Neutral,Restaurant,Weekend,2,100.0,0.4179685080138871
2024-01-15,18:00:00,Gym,24.070789484102452,Food,Happy,Work,Birthday,1,100.0,0.2511920046044672
2024-01-15,19:00:00,Uber,18.559625334426606,Bills,Sad,Gym,Vacation,1,100.0,0.32056758601649904
2024-01-15,20:00:00,Gym,18.74149082441747,Bills,Excited,Restaurant,Vacation,3,100.0,0.1349784860716421
2024-01-15,21:00:00,Gym,30.323946998995932,Entertainment,Happy,Restaurant,Birthday,3,100.0,0.2961767655589985
2024-01-15,22:00:00,Uber,23.6357343222338,Groceries,Stressed,Home,Vacation,1,100.0,0.5722838145420012
2024-01-15,23:00:00,Amazon,143.02757960995072,Transport,Neutral,Restaurant,Birthday,4,100.0,0.44185370809106395
2024-01-16,00:00:00,Shell Gas,15.593197182651249,Groceries,Stressed,Home,None,2,100.0,0.34671876123591117
2024-01-16,01:00:00,Gym,70.03071220370342,Entertainment,Excited,Gym,Meeting,3,100.0,0.746452128857114
2024-01-16,02:00:00,Uber,20.4880215423116,Bills,Happy,Travel,Weekend,2,100.0,0.8935099713933179
2024-01-16,03:00:00,Uber,116.70001135464497,Food,Excited,Travel,Birthday,5,100.0,0.756789222902397
2024-01-16,04:00:00,Netflix,172.61554002671573,Bills,Happy,Gym,Weekend,1,100.0,0.3320007021176792
2024-01-16,05:00:00,Amazon,41.31837196386573,Groceries,Sad,Gym,None,4,100.0,0.7444421678375537
2024-01-16,06:00:00,Grocery Store,115.62778268157089,Food,Neutral,Mall,Meeting,5,100.0,0.1519801824740512
2024-01-16,07:00:00,Netflix,10.257922636200837,Shopping,Sad,Gym,None,5,100.0,0.13031798809129091
2024-01-16,08:00:00,Netflix,95.72517841395107,Healthcare,Sad,Restaurant,Vacation,5,100.0,0.34562703703615894
2024-01-16,09:00:00,Restaurant,22.979042586981485,Bills,Excited,Travel,Weekend,1,100.0,0.807702369044057
2024-01-16,10:00:00,Shell Gas,129.68094158918976,Entertainment,Neutral,Work,Meeting,3,100.0,0.24634824724230187
2024-01-16,11:00:00,Uber,10.056036963690826,Shopping,Happy,Travel,Vacation,1,100.0,0.06325340889867959
2024-01-16,12:00:00,Shell Gas,50.6170056747006,Healthcare,Happy,Home,Meeting,3,100.0,0.1317095352063551
2024-01-16,13:00:00,Starbucks,80.65981038949944,Entertainment,Stressed,Travel,Vacation,5,100.0,0.8587449685295802
2024-01-16,14:00:00,Restaurant,24.96670678852503,Transport,Happy,Mall,None,5,100.0,0.6337832847472876
2024-01-16,15:00:00,Grocery Store,20.72981321999079,Entertainment,Excited,Gym,Birthday,4,100.0,0.25320116336997667
2024-01-16,16:00:00,Shell Gas,14.392307600485594,Food,Sad,Gym,Weekend,3,100.0,0.5552958253281813
2024-01-16,17:00:00,Walmart,29.75843318246302,Food,Sad,Travel,Holiday,5,100.0,0.5275796224253504
2024-01-16,18:00:00,Gym,51.031338949657695,Transport,Sad,Work,Holiday,2,100.0,0.6554359784406613
2024-01-16,19:00:00,Starbucks,16.156079967033822,Shopping,Neutral,Work,None,4,100.0,0.23318755442161632
2024-01-16,20:00:00,Amazon,33.63599470671046,Healthcare,Happy,Mall,Weekend,1,100.0,0.8644029871943977
2024-01-16,21:00:00,Grocery Store,10.455690476698063,Entertainment,Excited,Home,Weekend,4,100.0,0.30936856208001284
2024-01-16,22:00:00,Starbucks,95.37443284533319,Food,Neutral,Travel,None,2,100.0,0.6941316539762369
2024-01-16,23:00:00,Gym,16.874028624334834,Shopping,Stressed,Gym,Weekend,3,100.0,0.01612464637221489
2024-01-17,00:00:00,Restaurant,26.657893140153426,Transport,Excited,Travel,Birthday,1,100.0,0.37265712989414723
2024-01-17,01:00:00,Gym,10.929981215375587,Groceries,Excited,Mall,None,1,100.0,0.3517098179588083
2024-01-17,02:00:00,Netflix,38.3028932721099,Bills,Excited,Restaurant,Birthday,3,100.0,0.5434844285830145
2024-01-17,03:00:00,Gym,101.66705721825954,Groceries,Sad,Restaurant,Weekend,4,100.0,0.0727362617771965
2024-01-17,04:00:00,Netflix,34.891456549128065,Groceries,Excited,Mall,None,5,100.0,0.7901313737261083
2024-01-17,05:00:00,Restaurant,19.89190531645692,Food,Happy,Gym,Weekend,4,100.0,0.21778080176756853
2024-01-17,06:00:00,Pharmacy,80.06001200039063,Transport,Excited,Mall,None,2,100.0,0.6770378148820102
2024-01-17,07:00:00,Netflix,87.74913928982883,Entertainment,Sad,Gym,Weekend,5,100.0,0.8032121232440932
2024-01-17,08:00:00,Amazon,19.54310469730982,Groceries,Excited,Work,Birthday,4,100.0,0.5618769562415131
2024-01-17,09:00:00,Gym,83.6698198835283,Groceries,Stressed,Mall,Birthday,3,100.0,0.7408832067219855
2024-01-17,10:00:00,Gym,157.15498766002065,Healthcare,Stressed,Gym,Weekend,2,100.0,0.6618603122150055
2024-01-17,11:00:00,Amazon,19.098736063353858,Food,Sad,Mall,None,2,100.0,0.3555297971520076
2024-01-17,12:00:00,Walmart,83.6982343108732,Food,Happy,Mall,Holiday,2,100.0,0.8088585390335653
2024-01-17,13:00:00,Uber,71.64811588893957,Entertainment,Happy,Gym,Birthday,5,100.0,0.294701369885528
2024-01-17,14:00:00,Pharmacy,42.08221480822916,Bills,Neutral,Gym,Birthday,1,100.0,0.5712129177515172
2024-01-17,15:00:00,Grocery Store,12.983278559812913,Shopping,Sad,Home,Vacation,5,100.0,0.7453977391415395
2024-01-17,16:00:00,Netflix,13.881561842279623,Healthcare,Excited,Mall,Holiday,4,100.0,0.3789559098125076
2024-01-17,17:00:00,Amazon,105.66743444060198,Food,Sad,Restaurant,Weekend,1,100.0,0.30276760761742505
2024-01-17,18:00:00,Restaurant,241.00593172313268,Healthcare,Neutral,Mall,None,4,100.0,0.4593460101728227
2024-01-17,19:00:00,Netflix,66.35865319057466,Food,Sad,Mall,Vacation,1,100.0,0.8179634943491536
2024-01-17,20:00:00,Uber,39.52576684812447,Healthcare,Sad,Gym,Weekend,5,100.0,0.9299217631456648
2024-01-17,21:00:00,Restaurant,62.14567980041623,Transport,Neutral,Mall,Meeting,2,100.0,0.5450834128598901
2024-01-17,22:00:00,Starbucks,55.118880887733745,Groceries,Happy,Travel,Birthday,3,100.0,0.6614662053236519
2024-01-17,23:00:00,Gym,34.19395330370331,Food,Excited,Mall,Meeting,2,100.0,0.9032736222389142
2024-01-18,00:00:00,Starbucks,13.39393236829952,Healthcare,Neutral,Travel,Birthday,5,100.0,0.0985468514129424
2024-01-18,01:00:00,Netflix,96.16196074443323,Shopping,Stressed,Restaurant,Birthday,1,100.0,0.23207857786616504
2024-01-18,02:00:00,Uber,33.24750334057988,Transport,Happy,Gym,Meeting,2,100.0,0.7089000062515824
2024-01-18,03:00:00,Pharmacy,95.40373287953726,Transport,Stressed,Mall,Meeting,5,100.0,0.8237444619122997
2024-01-18,04:00:00,Netflix,24.551633952727073,Shopping,Happy,Travel,Weekend,4,100.0,0.8570290283305779
2024-01-18,05:00:00,Amazon,10.051500506199075,Healthcare,Excited,Travel,Vacation,3,100.0,0.4151071768549326
2024-01-18,06:00:00,Shell Gas,18.65451183875816,Entertainment,Excited,Travel,Vacation,2,100.0,0.08933990229186684
2024-01-18,07:00:00,Netflix,41.60631226605163,Shopping,Sad,Work,Meeting,1,100.0,0.4377814772996199
2024-01-18,08:00:00,Gym,154.39201968722315,Healthcare,Stressed,Home,Weekend,4,100.0,0.23073459020705378
2024-01-18,09:00:00,Gym,15.390042302933244,Shopping,Happy,Restaurant,Vacation,5,100.0,0.29119645499662417
2024-01-18,10:00:00,Netflix,106.27932509288293,Shopping,Excited,Mall,Weekend,3,100.0,0.7722675568375058
2024-01-18,11:00:00,Restaurant,47.435541757666016,Food,Neutral,Work,Weekend,1,100.0,0.07552708602588687
2024-01-18,12:00:00,Shell Gas,97.41223572252397,Healthcare,Excited,Mall,Birthday,5,100.0,0.8275812174807021
2024-01-18,13:00:00,Amazon,27.717769736565796,Entertainment,Neutral,Mall,Vacation,5,100.0,0.42766908582416907
2024-01-18,14:00:00,Netflix,101.61256487310735,Groceries,Happy,Gym,Vacation,2,100.0,0.5960639311005951
2024-01-18,15:00:00,Restaurant,84.10124306601989,Food,Excited,Gym,Birthday,2,100.0,0.089652231235679
2024-01-18,16:00:00,Gym,23.07172423937386,Shopping,Excited,Gym,Meeting,1,100.0,0.33735907835727963
2024-01-18,17:00:00,Gym,17.039893706900713,Groceries,Happy,Work,Birthday,5,100.0,0.08970091901484578
2024-01-18,18:00:00,Uber,111.26824877174063,Bills,Excited,Mall,Vacation,2,100.0,0.9615437228811096
2024-01-18,19:00:00,Netflix,175.1626973778539,Groceries,Neutral,Home,Vacation,3,100.0,0.8072616493262504
2024-01-18,20:00:00,Shell Gas,11.590135053023051,Shopping,Excited,Restaurant,Meeting,3,100.0,0.4596327543564602
2024-01-18,21:00:00,Walmart,75.70241850685534,Shopping,Stressed,Gym,Birthday,5,100.0,0.2236025483236711
2024-01-18,22:00:00,Shell Gas,130.1338152081115,Healthcare,Sad,Gym,None,2,100.0,0.9334551052498522
2024-01-18,23:00:00,Gym,107.37159755281533,Healthcare,Neutral,Mall,None,1,100.0,0.34459659572697177
2024-01-19,00:00:00,Gym,176.93997162572975,Food,Stressed,Mall,Meeting,1,100.0,0.16098443168737475
2024-01-19,01:00:00,Starbucks,81.37542129908749,Entertainment,Happy,Work,Birthday,1,100.0,0.5631643884539549
2024-01-19,02:00:00,Gym,39.19659382203214,Food,Neutral,Work,Birthday,3,100.0,0.9437741203448161
2024-01-19,03:00:00,Amazon,28.694833111315713,Transport,Sad,Gym,Weekend,2,100.0,0.003830290500322575
2024-01-19,04:00:00,Grocery Store,29.337767155934962,Shopping,Sad,Mall,Vacation,2,100.0,0.23812484325399874
2024-01-19,05:00:00,Netflix,74.44435048029659,Groceries,Happy,Home,Holiday,3,100.0,0.9384476404104076
2024-01-19,06:00:00,Shell Gas,78.48897664189364,Bills,Happy,Restaurant,Meeting,1,100.0,0.17108596685716204
2024-01-19,07:00:00,Grocery Store,21.179629077454432,Shopping,Neutral,Mall,Holiday,1,100.0,0.11324345163981986
2024-01-19,08:00:00,Restaurant,111.2942097361333,Shopping,Excited,Mall,Holiday,5,100.0,0.5701872157998045
2024-01-19,09:00:00,Walmart,72.74998043094888,Food,Happy,Travel,Meeting,4,100.0,0.8618438232948299
2024-01-19,10:00:00,Amazon,51.36254099785069,Bills,Excited,Work,Birthday,2,100.0,0.47710981769392613
2024-01-19,11:00:00,Shell Gas,41.888694743137364,Bills,Stressed,Restaurant,Meeting,2,100.0,0.9945642566845248
2024-01-19,12:00:00,Grocery Store,49.17907198735981,Bills,Sad,Gym,Holiday,2,100.0,0.6791716995379928
2024-01-19,13:00:00,Walmart,18.672792971169414,Food,Excited,Mall,Vacation,4,100.0,0.07407490721044774
2024-01-19,14:00:00,Starbucks,21.389042428562423,Shopping,Sad,Gym,Vacation,5,100.0,0.9928321316819754
2024-01-19,15:00:00,Amazon,14.779557936100744,Food,Excited,Mall,Vacation,4,100.0,0.40789423678019043
2024-01-19,16:00:00,Amazon,18.341589541770155,Healthcare,Stressed,Gym,Birthday,1,100.0,0.28740253384548253
2024-01-19,17:00:00,Starbucks,40.22876759091842,Healthcare,Happy,Restaurant,None,1,100.0,0.5578791835778856
2024-01-19,18:00:00,Netflix,47.788844895504845,Food,Stressed,Work,Meeting,2,100.0,0.3043075918208643
2024-01-19,19:00:00,Starbucks,10.901167074614843,Bills,Happy,Restaurant,Vacation,3,100.0,0.08645750712015232
2024-01-19,20:00:00,Amazon,89.67769368447051,Shopping,Happy,Travel,Meeting,2,100.0,0.0014283430791767193
2024-01-19,21:00:00,Amazon,27.418899618989634,Food,Sad,Home,Vacation,3,100.0,0.4495833529202623
2024-01-19,22:00:00,Grocery Store,131.42784795443993,Food,Stressed,Work,Birthday,4,100.0,0.8368634222265923
2024-01-19,23:00:00,Gym,181.3430911224138,Food,Excited,Restaurant,None,1,100.0,0.5723151856300766
2024-01-20,00:00:00,Walmart,20.25651803594348,Transport,Stressed,Travel,None,3,100.0,0.9992072989434408
2024-01-20,01:00:00,Starbucks,41.00387865139384,Healthcare,Sad,Home,Vacation,4,100.0,0.28684664564719997
2024-01-20,02:00:00,Walmart,10.061629724950514,Groceries,Happy,Travel,Birthday,1,100.0,0.28045506476005533
2024-01-20,03:00:00,Starbucks,55.605880713029485,Bills,Sad,Mall,Weekend,3,100.0,0.1597494602339442
2024-01-20,04:00:00,Restaurant,56.7362868930323,Entertainment,Neutral,Mall,Meeting,2,100.0,0.16406358826533518
2024-01-20,05:00:00,Amazon,24.220369045807605,Groceries,Neutral,Gym,Meeting,2,100.0,0.2851865960100478
2024-01-20,06:00:00,Gym,50.868974070191946,Bills,Excited,Work,Holiday,2,100.0,0.7928400452735271
2024-01-20,07:00:00,Grocery Store,22.779472530441815,Entertainment,Sad,Mall,Birthday,4,100.0,0.9057567906364479
2024-01-20,08:00:00,Gym,18.76682857979046,Transport,Excited,Travel,Holiday,2,100.0,0.9750871697076813
2024-01-20,09:00:00,Gym,62.70864545858744,Food,Excited,Work,Vacation,5,100.0,0.23228965409645264
2024-01-20,10:00:00,Gym,29.720729328799564,Transport,Neutral,Mall,Holiday,1,100.0,0.8812975456140917
2024-01-20,11:00:00,Walmart,54.6121039980764,Transport,Excited,Gym,None,4,100.0,0.32825508927733704
2024-01-20,12:00:00,Starbucks,38.391562667283814,Groceries,Neutral,Restaurant,Meeting,2,100.0,0.11284054451688441
2024-01-20,13:00:00,Pharmacy,217.8687147968963,Shopping,Happy,Gym,Holiday,1,100.0,0.8700249255201656
2024-01-20,14:00:00,Restaurant,18.10128447965046,Groceries,Sad,Home,None,3,100.0,0.6361056346436186
2024-01-20,15:00:00,Shell Gas,41.236926337421195,Healthcare,Excited,Mall,Birthday,2,100.0,0.16473089608106173
2024-01-20,16:00:00,Gym,67.04311298172465,Entertainment,Neutral,Home,Holiday,1,100.0,0.42983125751300255
2024-01-20,17:00:00,Netflix,35.17140960775739,Food,Stressed,Home,Vacation,5,100.0,0.28725769487706765
2024-01-20,18:00:00,Walmart,193.8472514176179,Groceries,Excited,Travel,Vacation,3,100.0,0.736794568710197
2024-01-20,19:00:00,Grocery Store,73.98650154373269,Entertainment,Happy,Work,Vacation,5,100.0,0.45341623062426806
2024-01-20,20:00:00,Shell Gas,63.49888852147061,Bills,Happy,Travel,Meeting,1,100.0,0.989279945106385
2024-01-20,21:00:00,Pharmacy,80.74688825123027,Entertainment,Stressed,Mall,Holiday,5,100.0,0.05474498225959512
2024-01-20,22:00:00,Netflix,162.50798480309297,Bills,Neutral,Home,Birthday,1,100.0,0.3550152661362467
2024-01-20,23:00:00,Pharmacy,129.1998739457829,Groceries,Excited,Restaurant,Holiday,1,100.0,0.4819001671099774
2024-01-21,00:00:00,Shell Gas,74.41943365114817,Healthcare,Neutral,Home,Meeting,5,100.0,0.5031335547483198
2024-01-21,01:00:00,Gym,79.14732638890246,Groceries,Happy,Restaurant,None,1,100.0,0.3159358223856368
2024-01-21,02:00:00,Netflix,17.88664205770127,Bills,Neutral,Travel,Meeting,2,100.0,0.729240249097568
2024-01-21,03:00:00,Pharmacy,15.423400529065475,Entertainment,Happy,Travel,Vacation,1,100.0,0.8747470734889747
2024-01-21,04:00:00,Grocery Store,52.30378892016971,Entertainment,Neutral,Work,None,4,100.0,0.938719301977863
2024-01-21,05:00:00,Starbucks,10.926920821347384,Bills,Stressed,Home,Vacation,1,100.0,0.8050933767995262
2024-01-21,06:00:00,Amazon,42.92341343866761,Transport,Sad,Gym,Weekend,4,100.0,0.8505801973065994
2024-01-21,07:00:00,Starbucks,21.80824688411291,Healthcare,Stressed,Travel,Meeting,1,100.0,0.5505453006199955
2024-01-21,08:00:00,Shell Gas,31.233663031804674,Shopping,Stressed,Travel,Meeting,1,100.0,0.8258882264268146
2024-01-21,09:00:00,Walmart,84.76189458200628,Food,Sad,Work,Birthday,5,100.0,0.3035039091479522
2024-01-21,10:00:00,Amazon,151.71257273285937,Entertainment,Sad,Restaurant,Holiday,2,100.0,0.3984787621092144
2024-01-21,11:00:00,Restaurant,13.758610797818736,Food,Excited,Work,None,2,100.0,0.3169130138185443
2024-01-21,12:00:00,Grocery Store,48.2044767645183,Shopping,Excited,Home,None,3,100.0,0.46738733544792543
2024-01-21,13:00:00,Restaurant,117.0800985856394,Groceries,Stressed,Mall,Birthday,5,100.0,0.28557961623863637
2024-01-21,14:00:00,Netflix,14.305600046954757,Food,Stressed,Mall,Birthday,5,100.0,0.9616114422544468
2024-01-21,15:00:00,Amazon,97.00981392888653,Shopping,Happy,Restaurant,Holiday,2,100.0,0.31284462800566815
2024-01-21,16:00:00,Restaurant,32.14288004616273,Bills,Happy,Travel,Vacation,5,100.0,0.09804453811093983
2024-01-21,17:00:00,Restaurant,29.43738397936561,Transport,Excited,Restaurant,Holiday,2,100.0,0.5268171660504134
2024-01-21,18:00:00,Pharmacy,199.6373571513603,Entertainment,Excited,Travel,Meeting,5,100.0,0.057099078445176366
2024-01-21,19:00:00,Starbucks,21.210899532267273,Shopping,Happy,Travel,Vacation,1,100.0,0.11054316630858052
2024-01-21,20:00:00,Pharmacy,69.07697300419647,Food,Happy,Mall,Weekend,2,100.0,0.2193893891962463
2024-01-21,21:00:00,Amazon,96.1417338456845,Entertainment,Neutral,Restaurant,Holiday,2,100.0,0.4643502498821417
2024-01-21,22:00:00,Amazon,12.102778131761097,Transport,Neutral,Work,Birthday,4,100.0,0.4332509323090279
2024-01-21,23:00:00,Shell Gas,65.49156814248434,Bills,Happy,Travel,Vacation,5,100.0,0.7996918620027912
2024-01-22,00:00:00,Pharmacy,161.36112056718423,Groceries,Neutral,Gym,Holiday,5,100.0,0.7394746538841134
2024-01-22,01:00:00,Uber,16.632016157418494,Entertainment,Sad,Gym,None,2,100.0,0.4263182939907013
2024-01-22,02:00:00,Starbucks,123.27472787460466,Groceries,Excited,Work,Weekend,1,100.0,0.3337042075756299
2024-01-22,03:00:00,Amazon,55.16584256266324,Shopping,Excited,Gym,Meeting,1,100.0,0.3164687840614986
2024-01-22,04:00:00,Shell Gas,57.93441995241752,Transport,Happy,Home,None,1,100.0,0.773995087294009
2024-01-22,05:00:00,Pharmacy,57.459317268113146,Food,Stressed,Travel,None,5,100.0,0.05207240622126974
2024-01-22,06:00:00,Starbucks,27.750665285318835,Transport,Happy,Work,Weekend,4,100.0,0.012821649510605826
2024-01-22,07:00:00,Pharmacy,146.82388449484273,Transport,Neutral,Restaurant,Meeting,2,100.0,0.795544391926648
2024-01-22,08:00:00,Restaurant,157.20489136775367,Healthcare,Stressed,Travel,Birthday,3,100.0,0.4771463759890493
2024-01-22,09:00:00,Shell Gas,59.082100522339076,Transport,Neutral,Work,Vacation,4,100.0,0.13088113855357597
2024-01-22,10:00:00,Starbucks,86.49039355823119,Transport,Sad,Mall,Meeting,3,100.0,0.23556593459450126
2024-01-22,11:00:00,Gym,57.370753628788364,Entertainment,Neutral,Restaurant,Holiday,4,100.0,0.9325039530973825
2024-01-22,12:00:00,Netflix,43.121049850507845,Food,Sad,Mall,None,1,100.0,0.859502975624898
2024-01-22,13:00:00,Netflix,64.06123439235458,Entertainment,Sad,Travel,Holiday,5,100.0,0.7097850502239725
2024-01-22,14:00:00,Starbucks,50.25999670101439,Entertainment,Neutral,Restaurant,Birthday,3,100.0,0.48222523033732656
2024-01-22,15:00:00,Pharmacy,55.50001076526209,Shopping,Neutral,Gym,Holiday,4,100.0,0.5203236261913857
2024-01-22,16:00:00,Shell Gas,86.58509779845045,Entertainment,Sad,Work,Meeting,5,100.0,0.9752445352839586
2024-01-22,17:00:00,Netflix,42.783305856101585,Healthcare,Stressed,Travel,Holiday,3,100.0,0.9657704438842871
2024-01-22,18:00:00,Shell Gas,12.080391519402756,Healthcare,Sad,Home,Birthday,2,100.0,0.21526904578583428
2024-01-22,19:00:00,Netflix,18.956302253583395,Groceries,Excited,Restaurant,Birthday,4,100.0,0.8111045663053181
2024-01-22,20:00:00,Restaurant,38.866723479465236,Shopping,Sad,Restaurant,Birthday,2,100.0,0.1972426661670168
2024-01-22,21:00:00,Pharmacy,74.51768443753606,Groceries,Stressed,Travel,Meeting,1,100.0,0.2135374778839514
2024-01-22,22:00:00,Restaurant,54.98134837974978,Groceries,Excited,Travel,Birthday,2,100.0,0.6760930341645768
2024-01-22,23:00:00,Netflix,62.5331504504997,Bills,Happy,Mall,None,2,100.0,0.4050010985875484
2024-01-23,00:00:00,Gym,42.62703760694319,Food,Happy,Gym,Birthday,4,100.0,0.9315444071065202
2024-01-23,01:00:00,Gym,57.82205670521317,Food,Stressed,Mall,Holiday,1,100.0,0.08900973489600883
2024-01-23,02:00:00,Restaurant,29.95060650747145,Entertainment,Sad,Mall,Vacation,2,100.0,0.511525640809493
2024-01-23,03:00:00,Gym,41.761142315837034,Entertainment,Neutral,Gym,Holiday,5,100.0,0.9185215304431212
2024-01-23,04:00:00,Netflix,78.1834264537001,Bills,Stressed,Home,Vacation,3,100.0,0.9041136604795051
2024-01-23,05:00:00,Starbucks,112.72097267033276,Entertainment,Excited,Mall,Holiday,2,100.0,0.15652921341574122
2024-01-23,06:00:00,Restaurant,38.427621775352605,Food,Excited,Mall,Meeting,1,100.0,0.36663770009645646
2024-01-23,07:00:00,Walmart,12.232175700583106,Groceries,Happy,Restaurant,Holiday,2,100.0,0.6191214000466962
2024-01-23,08:00:00,Pharmacy,18.817324802584135,Transport,Excited,Gym,Meeting,3,100.0,0.15939488477140218
2024-01-23,09:00:00,Gym,11.054090358769393,Healthcare,Stressed,Work,Meeting,1,100.0,0.9680221720457387
2024-01-23,10:00:00,Gym,62.95943834793938,Transport,Excited,Home,Birthday,4,100.0,0.9147493287276603
2024-01-23,11:00:00,Amazon,30.196910621977455,Transport,Stressed,Home,None,1,100.0,0.16695017903446918
2024-01-23,12:00:00,Uber,49.09658487378546,Food,Neutral,Gym,Vacation,4,100.0,0.12115546126098542
2024-01-23,13:00:00,Restaurant,43.989523670658656,Transport,Happy,Travel,Birthday,1,100.0,0.0854084828082653
2024-01-23,14:00:00,Grocery Store,14.252110737818363,Bills,Excited,Travel,Birthday,3,100.0,0.9094436640366311
2024-01-23,15:00:00,Gym,35.81380261375532,Shopping,Stressed,Restaurant,Meeting,3,100.0,0.1936238097954608
2024-01-23,16:00:00,Pharmacy,22.459050455518742,Entertainment,Sad,Restaurant,Meeting,1,100.0,0.4162849285443547
2024-01-23,17:00:00,Walmart,37.098599469958,Shopping,Happy,Gym,Vacation,2,100.0,0.448851365652003
2024-01-23,18:00:00,Gym,21.381321743322133,Groceries,Neutral,Restaurant,Holiday,3,100.0,0.5990110442135675
2024-01-23,19:00:00,Walmart,101.77065040097916,Healthcare,Stressed,Home,Holiday,4,100.0,0.07173534374742496
2024-01-23,20:00:00,Netflix,19.569729825619568,Entertainment,Neutral,Home,Birthday,4,100.0,0.22675861740051595
2024-01-23,21:00:00,Netflix,171.929125984198,Transport,Neutral,Work,Weekend,5,100.0,0.931490386918926
2024-01-23,22:00:00,Uber,36.884784456063386,Healthcare,Excited,Travel,Weekend,4,100.0,0.9084101072685695
2024-01-23,23:00:00,Starbucks,103.6198375875005,Entertainment,Excited,Gym,Holiday,5,100.0,0.7812906474056922
2024-01-24,00:00:00,Grocery Store,59.545975201063754,Bills,Stressed,Mall,Weekend,1,100.0,0.019401245618215435
2024-01-24,01:00:00,Amazon,76.4674104604933,Bills,Sad,Travel,Holiday,1,100.0,0.3270067684961021
2024-01-24,02:00:00,Uber,82.9914238662515,Bills,Stressed,Mall,Meeting,1,100.0,0.6279587353429078
2024-01-24,03:00:00,Shell Gas,45.14420977952237,Bills,Sad,Work,Birthday,2,100.0,0.2751902117734757
2024-01-24,04:00:00,Amazon,49.18648523795948,Transport,Neutral,Work,None,2,100.0,0.9095866950537773
2024-01-24,05:00:00,Restaurant,46.076907633330286,Shopping,Happy,Restaurant,Birthday,5,100.0,0.6338894618324419
2024-01-24,06:00:00,Pharmacy,54.34368170328028,Entertainment,Stressed,Work,Holiday,4,100.0,0.0719067173164456
2024-01-24,07:00:00,Shell Gas,11.491755977142823,Transport,Stressed,Work,Holiday,4,100.0,0.909005588835703
2024-01-24,08:00:00,Shell Gas,35.168935205616854,Bills,Sad,Mall,Birthday,1,100.0,0.9577666581762225
2024-01-24,09:00:00,Uber,56.59417264277954,Groceries,Neutral,Restaurant,Vacation,3,100.0,0.07771241839172549
2024-01-24,10:00:00,Starbucks,55.53078890339211,Shopping,Neutral,Work,Holiday,2,100.0,0.5323602348613149
2024-01-24,11:00:00,Uber,88.74122024265337,Groceries,Sad,Travel,Weekend,2,100.0,0.30336428221417044
2024-01-24,12:00:00,Restaurant,63.21189656978634,Healthcare,Neutral,Work,Weekend,1,100.0,0.39283907648140237
2024-01-24,13:00:00,Gym,252.25593477684973,Groceries,Excited,Restaurant,Holiday,2,100.0,0.1796512179553419
2024-01-24,14:00:00,Gym,26.693598016195015,Healthcare,Happy,Gym,Holiday,1,100.0,0.5780721020124125
2024-01-24,15:00:00,Starbucks,32.24807327635786,Healthcare,Stressed,Restaurant,Vacation,5,100.0,0.9579793532488906
2024-01-24,16:00:00,Restaurant,34.21301080715245,Bills,Happy,Mall,Weekend,4,100.0,0.503072600271609
2024-01-24,17:00:00,Starbucks,41.35044763992727,Healthcare,Stressed,Gym,Holiday,3,100.0,0.08291458139448116
2024-01-24,18:00:00,Walmart,100.3938522507747,Food,Excited,Travel,Holiday,4,100.0,0.6200013334774084
2024-01-24,19:00:00,Gym,23.445769925508593,Entertainment,Neutral,Home,Vacation,4,100.0,0.34022299445125703
2024-01-24,20:00:00,Shell Gas,84.80550756964173,Entertainment,Sad,Restaurant,Vacation,5,100.0,0.8559251895912978
2024-01-24,21:00:00,Grocery Store,35.98576627397443,Bills,Excited,Mall,Birthday,2,100.0,0.4346781483164702
2024-01-24,22:00:00,Pharmacy,56.04699910314765,Food,Happy,Travel,Vacation,3,100.0,0.1928396089422456
2024-01-24,23:00:00,Restaurant,60.05711304527403,Groceries,Sad,Gym,None,2,100.0,0.19110562269114495
2024-01-25,00:00:00,Amazon,33.328367974565346,Transport,Neutral,Travel,Weekend,4,100.0,0.7687641807211604
2024-01-25,01:00:00,Starbucks,45.935066742135184,Groceries,Excited,Restaurant,Birthday,1,100.0,0.2655875983073599
2024-01-25,02:00:00,Pharmacy,36.63917844965643,Transport,Sad,Work,None,4,100.0,0.767233394159223
2024-01-25,03:00:00,Amazon,13.581931968013958,Healthcare,Excited,Restaurant,Holiday,2,100.0,0.20588731076659939
2024-01-25,04:00:00,Pharmacy,38.738472871978374,Shopping,Excited,Home,Holiday,4,100.0,0.3216863687013094
2024-01-25,05:00:00,Grocery Store,15.12342355784298,Transport,Neutral,Restaurant,Birthday,1,100.0,0.4654869724396994
2024-01-25,06:00:00,Amazon,35.961441524250645,Shopping,Stressed,Gym,Vacation,5,100.0,0.9431958496934507
2024-01-25,07:00:00,Uber,54.9370810910768,Entertainment,Sad,Gym,Holiday,2,100.0,0.9317314247538246
2024-01-25,08:00:00,Netflix,53.30542201813103,Shopping,Neutral,Restaurant,Meeting,4,100.0,0.2068718754222878
2024-01-25,09:00:00,Uber,64.3274589229676,Entertainment,Excited,Gym,Birthday,2,100.0,0.3582190412430728
2024-01-25,10:00:00,Gym,15.00546680524057,Food,Neutral,Work,None,5,100.0,0.14939938845377232
2024-01-25,11:00:00,Netflix,62.79535078790178,Food,Stressed,Travel,Birthday,4,100.0,0.5099850793134971
2024-01-25,12:00:00,Uber,28.709083144702483,Bills,Sad,Restaurant,Weekend,4,100.0,0.4605825506946666
2024-01-25,13:00:00,Netflix,35.461839842436305,Bills,Stressed,Work,Vacation,2,100.0,0.9007601624507324
2024-01-25,14:00:00,Netflix,107.59157113523962,Healthcare,Happy,Travel,Vacation,2,100.0,0.9300053777910726
2024-01-25,15:00:00,Shell Gas,10.45357126873071,Transport,Sad,Travel,Birthday,1,100.0,0.3835673910072921
2024-01-25,16:00:00,Starbucks,54.38669843703153,Healthcare,Stressed,Work,Holiday,5,100.0,0.49173794301898943
2024-01-25,17:00:00,Starbucks,55.65404196730056,Entertainment,Excited,Mall,Holiday,1,100.0,0.8962362491461331
2024-01-25,18:00:00,Shell Gas,35.26370115152763,Healthcare,Sad,Restaurant,Meeting,4,100.0,0.8067078077450615
2024-01-25,19:00:00,Pharmacy,23.52668791678962,Shopping,Sad,Travel,Meeting,2,100.0,0.0036563113446492768
2024-01-25,20:00:00,Walmart,23.372672106601275,Entertainment,Neutral,Travel,Vacation,4,100.0,0.3200595641835825
2024-01-25,21:00:00,Pharmacy,117.58326835153566,Bills,Excited,Gym,Meeting,4,100.0,0.4217742419361259
2024-01-25,22:00:00,Amazon,39.1719999084646,Food,Happy,Travel,None,3,100.0,0.22971628368323171
2024-01-25,23:00:00,Amazon,30.09029279146637,Bills,Stressed,Work,Meeting,3,100.0,0.19957161589593875
2024-01-26,00:00:00,Netflix,39.78084370139921,Transport,Neutral,Travel,None,4,100.0,0.03778450659567967
2024-01-26,01:00:00,Uber,65.34085301592206,Entertainment,Stressed,Mall,Meeting,2,100.0,0.6433697250697605
2024-01-26,02:00:00,Uber,17.876953845927552,Entertainment,Happy,Restaurant,Vacation,4,100.0,0.26251029048316565
2024-01-26,03:00:00,Starbucks,39.84040698471249,Shopping,Happy,Restaurant,Vacation,3,100.0,0.05234717843131309
2024-01-26,04:00:00,Restaurant,54.322565818175256,Transport,Sad,Travel,None,2,100.0,0.23097931052806364
2024-01-26,05:00:00,Pharmacy,158.38966616846105,Food,Happy,Home,Birthday,4,100.0,0.8019139528361265
2024-01-26,06:00:00,Gym,24.552907053203604,Groceries,Stressed,Home,Vacation,5,100.0,0.8514891816465466
2024-01-26,07:00:00,Grocery Store,32.25585404949494,Entertainment,Excited,Work,Birthday,5,100.0,0.48306624519330266
2024-01-26,08:00:00,Uber,33.85009016598262,Entertainment,Excited,Home,Holiday,4,100.0,0.41607067040868617
2024-01-26,09:00:00,Grocery Store,56.51164337212133,Shopping,Sad,Work,None,2,100.0,0.9778536935017818
2024-01-26,10:00:00,Netflix,32.05969638832168,Healthcare,Stressed,Gym,Vacation,4,100.0,0.2005646595880699
2024-01-26,11:00:00,Grocery Store,48.12614111824427,Food,Stressed,Work,Weekend,4,100.0,0.21535928285460848
2024-01-26,12:00:00,Gym,86.11494443573562,Bills,Happy,Home,Holiday,3,100.0,0.29186717703639975
2024-01-26,13:00:00,Shell Gas,71.1043938163183,Transport,Stressed,Travel,Birthday,5,100.0,0.1727573182810873
2024-01-26,14:00:00,Gym,39.56281203238169,Entertainment,Neutral,Gym,Vacation,3,100.0,0.3793655982041866
2024-01-26,15:00:00,Grocery Store,109.83455998148455,Entertainment,Happy,Home,None,3,100.0,0.9108342269897538
2024-01-26,16:00:00,Gym,50.838137701516516,Bills,Neutral,Work,Meeting,4,100.0,0.6153478406285743
2024-01-26,17:00:00,Walmart,48.81620568560968,Food,Sad,Mall,Weekend,3,100.0,0.41194654861226365
2024-01-26,18:00:00,Netflix,11.739291917052133,Healthcare,Excited,Restaurant,Birthday,5,100.0,0.9344107945712148
2024-01-26,19:00:00,Pharmacy,225.97317951466928,Entertainment,Sad,Home,Holiday,3,100.0,0.04846423247582232
2024-01-26,20:00:00,Shell Gas,16.5607500782425,Food,Excited,Work,None,5,100.0,0.21027617790186137
2024-01-26,21:00:00,Uber,23.141728059780164,Bills,Sad,Gym,Weekend,3,100.0,0.565888605101759
2024-01-26,22:00:00,Amazon,12.654051795517057,Shopping,Stressed,Home,None,5,100.0,0.6155526231931792
2024-01-26,23:00:00,Pharmacy,61.08297443897948,Healthcare,Neutral,Home,Vacation,3,100.0,0.03955750656261314
2024-01-27,00:00:00,Amazon,22.725337292257766,Transport,Excited,Restaurant,Meeting,3,100.0,0.4030387579071322
2024-01-27,01:00:00,Netflix,19.92318337150602,Entertainment,Happy,Work,Holiday,2,100.0,0.6491539648308727
2024-01-27,02:00:00,Shell Gas,14.636233388431654,Food,Neutral,Mall,None,5,100.0,0.6980705464034016
2024-01-27,03:00:00,Starbucks,15.452195503016299,Shopping,Happy,Gym,Birthday,5,100.0,0.6381399025162693
2024-01-27,04:00:00,Uber,53.934179024553785,Transport,Neutral,Work,Vacation,5,100.0,0.32056322436092455
2024-01-27,05:00:00,Walmart,68.27092749794458,Groceries,Neutral,Gym,Vacation,1,100.0,0.09352012359790951
2024-01-27,06:00:00,Starbucks,35.32333923815251,Food,Sad,Home,Holiday,3,100.0,0.4271124464193341
2024-01-27,07:00:00,Netflix,42.68642834875013,Food,Excited,Restaurant,Vacation,5,100.0,0.12875443736805547
2024-01-27,08:00:00,Pharmacy,67.91297733529626,Transport,Excited,Restaurant,Birthday,1,100.0,0.9476236585206671
2024-01-27,09:00:00,Walmart,10.876629588336685,Shopping,Neutral,Travel,None,2,100.0,0.47517086602262826
2024-01-27,10:00:00,Gym,29.51385094455138,Groceries,Stressed,Mall,Holiday,5,100.0,0.31725917435686757
2024-01-27,11:00:00,Grocery Store,190.77726405106134,Bills,Stressed,Restaurant,Vacation,5,100.0,0.7663040711189001
2024-01-27,12:00:00,Walmart,53.3883908486633,Shopping,Happy,Home,Vacation,1,100.0,0.49794859258226387
2024-01-27,13:00:00,Netflix,24.666538477032493,Healthcare,Happy,Mall,Birthday,3,100.0,0.31003402401245006
2024-01-27,14:00:00,Restaurant,46.878997495707125,Entertainment,Sad,Work,Meeting,2,100.0,0.8119677423908017
2024-01-27,15:00:00,Grocery Store,30.977199209552058,Transport,Neutral,Restaurant,Meeting,5,100.0,0.867152151001122
2024-01-27,16:00:00,Amazon,47.99053002631322,Bills,Happy,Mall,Vacation,3,100.0,0.673008166288677
2024-01-27,17:00:00,Uber,16.718959698564277,Groceries,Happy,Home,None,2,100.0,0.046964422407667294
2024-01-27,18:00:00,Amazon,17.11936186702343,Transport,Neutral,Travel,Holiday,4,100.0,0.5663228801665321
2024-01-27,19:00:00,Walmart,17.747521095750983,Transport,Sad,Gym,Vacation,4,100.0,0.7632949119972816
2024-01-27,20:00:00,Amazon,150.5205875136392,Shopping,Happy,Gym,Weekend,2,100.0,0.13650301208358218
2024-01-27,21:00:00,Netflix,76.00640546175586,Entertainment,Sad,Home,Holiday,1,100.0,0.22867075138460335
2024-01-27,22:00:00,Gym,18.859650196338144,Healthcare,Excited,Home,Meeting,2,100.0,0.8824951050681364
2024-01-27,23:00:00,Pharmacy,20.434246868592965,Food,Sad,Gym,Vacation,2,100.0,0.020121721853074037
2024-01-28,00:00:00,Uber,75.62050889055683,Food,Stressed,Travel,Birthday,1,100.0,0.752727137825976
2024-01-28,01:00:00,Amazon,18.4898466066157,Transport,Stressed,Mall,Weekend,1,100.0,0.4737732925144229
2024-01-28,02:00:00,Amazon,23.365306838166912,Entertainment,Sad,Gym,Vacation,3,100.0,0.44677215883960686
2024-01-28,03:00:00,Walmart,175.31277187386547,Groceries,Stressed,Home,None,3,100.0,0.0070965324948871755
2024-01-28,04:00:00,Pharmacy,24.739129392840134,Groceries,Excited,Restaurant,Weekend,1,100.0,0.8193982309664928
2024-01-28,05:00:00,Starbucks,64.18111269216672,Bills,Neutral,Work,Vacation,4,100.0,0.35982490063656647
2024-01-28,06:00:00,Amazon,202.29137274111892,Shopping,Stressed,Travel,None,4,100.0,0.5407656313005429
2024-01-28,07:00:00,Netflix,33.44395446008198,Entertainment,Stressed,Travel,Weekend,2,100.0,0.6773006863356594
2024-01-28,08:00:00,Restaurant,10.883560552887426,Entertainment,Sad,Restaurant,None,5,100.0,0.7026295764379158
2024-01-28,09:00:00,Uber,23.99543751925928,Shopping,Excited,Restaurant,None,2,100.0,0.9559800588260723
2024-01-28,10:00:00,Amazon,98.85650747552809,Groceries,Neutral,Home,Weekend,2,100.0,0.5313399532366091
2024-01-28,11:00:00,Netflix,109.97935893973221,Groceries,Sad,Gym,Weekend,5,100.0,0.3997195509744276
2024-01-28,12:00:00,Netflix,83.16295285027378,Groceries,Sad,Mall,None,1,100.0,0.9537036264917079
2024-01-28,13:00:00,Uber,16.001705694702274,Transport,Excited,Travel,Meeting,4,100.0,0.6421102350255211
2024-01-28,14:00:00,Starbucks,89.36190110636366,Entertainment,Neutral,Travel,Weekend,2,100.0,0.2981503562765556
2024-01-28,15:00:00,Netflix,135.46681000012074,Food,Excited,Restaurant,Vacation,5,100.0,0.12646424540357115
2024-01-28,16:00:00,Restaurant,55.89078752448708,Shopping,Neutral,Gym,Holiday,3,100.0,0.8425545014651813
2024-01-28,17:00:00,Netflix,151.40537295238246,Groceries,Excited,Travel,Birthday,2,100.0,0.36218160279415157
2024-01-28,18:00:00,Netflix,97.67664049293909,Bills,Sad,Mall,None,4,100.0,0.6604697213644312
2024-01-28,19:00:00,Netflix,64.97636290488626,Groceries,Sad,Restaurant,None,1,100.0,0.47081641936589813
2024-01-28,20:00:00,Gym,53.041055384767915,Groceries,Happy,Mall,Birthday,2,100.0,0.19892977979503834
2024-01-28,21:00:00,Gym,31.429548104529,Healthcare,Stressed,Gym,Meeting,2,100.0,0.6016866086204651
2024-01-28,22:00:00,Starbucks,18.675273362881015,Transport,Excited,Travel,Birthday,5,100.0,0.06068306895068232
2024-01-28,23:00:00,Amazon,56.43764347339551,Shopping,Happy,Work,Weekend,3,100.0,0.4133424598711922
2024-01-29,00:00:00,Netflix,29.144460143622556,Healthcare,Stressed,Travel,Birthday,3,100.0,0.546614939663671
2024-01-29,01:00:00,Pharmacy,110.65972436869899,Healthcare,Excited,Gym,None,1,100.0,0.43604697411857907
2024-01-29,02:00:00,Amazon,260.55880220347234,Bills,Neutral,Travel,Birthday,4,100.0,0.7486721752509908
2024-01-29,03:00:00,Starbucks,79.80264356693631,Entertainment,Stressed,Travel,Holiday,1,100.0,0.8279249545453125
2024-01-29,04:00:00,Shell Gas,14.742007754950054,Bills,Sad,Home,Vacation,2,100.0,0.771243074033178
2024-01-29,05:00:00,Amazon,27.032037327091054,Entertainment,Happy,Travel,Weekend,2,100.0,0.03881294781180211
2024-01-29,06:00:00,Amazon,15.77669512949689,Entertainment,Stressed,Travel,Birthday,3,100.0,0.1941287704459722
2024-01-29,07:00:00,Grocery Store,62.56425224392765,Shopping,Stressed,Mall,None,4,100.0,0.5366075092637743
2024-01-29,08:00:00,Walmart,82.44911422208654,Groceries,Sad,Work,Vacation,5,100.0,0.9348220404438012
2024-01-29,09:00:00,Grocery Store,139.96528173490495,Shopping,Excited,Mall,Weekend,4,100.0,0.8349567750521169
2024-01-29,10:00:00,Restaurant,38.8280071166823,Transport,Neutral,Mall,None,2,100.0,0.8425345083518017
2024-01-29,11:00:00,Gym,125.8218543142947,Entertainment,Sad,Restaurant,Meeting,5,100.0,0.3032081937596749
2024-01-29,12:00:00,Gym,115.14212464814206,Healthcare,Neutral,Home,Holiday,4,100.0,0.42944789707870257
2024-01-29,13:00:00,Walmart,29.077350751864763,Groceries,Excited,Mall,Meeting,4,100.0,0.4707059473159374
2024-01-29,14:00:00,Uber,111.58998298501902,Food,Stressed,Gym,Holiday,5,100.0,0.15737158334991042
2024-01-29,15:00:00,Uber,33.55399055662737,Transport,Neutral,Gym,Birthday,2,100.0,0.031068130244456316
2024-01-29,16:00:00,Starbucks,27.61062253874521,Shopping,Happy,Travel,Weekend,4,100.0,0.9469028994605169
2024-01-29,17:00:00,Walmart,62.35908906293584,Bills,Happy,Restaurant,Birthday,5,100.0,0.24071258566350673
2024-01-29,18:00:00,Amazon,29.903220141843235,Transport,Sad,Home,Holiday,2,100.0,0.2399489037236313
2024-01-29,19:00:00,Uber,59.74083086146443,Transport,Excited,Home,Holiday,5,100.0,0.08337905376875954
2024-01-29,20:00:00,Netflix,57.0588682437837,Groceries,Sad,Travel,Holiday,5,100.0,0.9285077519437785
2024-01-29,21:00:00,Pharmacy,51.441349952653574,Transport,Sad,Gym,Vacation,4,100.0,0.579737114939772
2024-01-29,22:00:00,Amazon,33.93564862414328,Transport,Sad,Work,None,2,100.0,0.6670368571253539
2024-01-29,23:00:00,Restaurant,49.7589644814002,Food,Happy,Restaurant,Weekend,4,100.0,0.9115768872630525
2024-01-30,00:00:00,Netflix,55.37713971811075,Bills,Happy,Travel,Birthday,1,100.0,0.3456201689007895
2024-01-30,01:00:00,Netflix,49.448432286920266,Bills,Sad,Restaurant,Birthday,1,100.0,0.6215073111380841
2024-01-30,02:00:00,Walmart,39.387084043303936,Bills,Happy,Gym,Meeting,2,100.0,0.03879945472888746
2024-01-30,03:00:00,Starbucks,10.738784088631117,Entertainment,Excited,Gym,Holiday,5,100.0,0.18677252823112933
2024-01-30,04:00:00,Restaurant,54.22285552521822,Healthcare,Sad,Work,Holiday,4,100.0,0.8312458050899425
2024-01-30,05:00:00,Uber,19.2228548805086,Bills,Happy,Work,Holiday,4,100.0,0.7667683563383357
2024-01-30,06:00:00,Walmart,61.44162199905477,Transport,Neutral,Home,Birthday,2,100.0,0.3506426914571469
2024-01-30,07:00:00,Uber,81.21940568454932,Transport,Sad,Restaurant,Meeting,2,100.0,0.3768106277742125
2024-01-30,08:00:00,Walmart,44.70190978287546,Bills,Sad,Restaurant,None,1,100.0,0.5335544335535795
2024-01-30,09:00:00,Walmart,49.08402193077336,Groceries,Excited,Gym,Vacation,3,100.0,0.0002410046851345493
2024-01-30,10:00:00,Walmart,161.2874754989924,Bills,Stressed,Home,Weekend,2,100.0,0.24124433603802786
2024-01-30,11:00:00,Starbucks,103.92059107385423,Transport,Stressed,Travel,None,3,100.0,0.20823180860821444
2024-01-30,12:00:00,Walmart,132.80809784594794,Entertainment,Excited,Restaurant,Birthday,2,100.0,0.25048294674976346
2024-01-30,13:00:00,Shell Gas,94.03764398058456,Shopping,Excited,Home,Vacation,5,100.0,0.8059058425334413
2024-01-30,14:00:00,Pharmacy,15.765960397586376,Shopping,Excited,Home,Vacation,5,100.0,0.27967385654644317
2024-01-30,15:00:00,Uber,18.06667902508935,Bills,Stressed,Gym,Vacation,1,100.0,0.19152132205014816
2024-01-30,16:00:00,Amazon,47.393242600299644,Food,Excited,Home,Holiday,1,100.0,0.5042634607930315
2024-01-30,17:00:00,Grocery Store,24.1227650457869,Bills,Happy,Work,Weekend,3,100.0,0.8656450363727319
2024-01-30,18:00:00,Restaurant,42.379585933621506,Groceries,Sad,Work,Birthday,2,100.0,0.24134970383749987
2024-01-30,19:00:00,Gym,35.07391596407088,Bills,Sad,Mall,Birthday,4,100.0,0.0785362427927987
2024-01-30,20:00:00,Starbucks,49.860342515402145,Shopping,Neutral,Gym,Vacation,1,100.0,0.3564047358496647
2024-01-30,21:00:00,Amazon,78.69373351519472,Transport,Neutral,Travel,Birthday,4,100.0,0.7476518245649778
2024-01-30,22:00:00,Netflix,72.849503246988,Bills,Sad,Mall,Weekend,4,100.0,0.5506905446947946
2024-01-30,23:00:00,Shell Gas,46.827179770137654,Transport,Happy,Work,Weekend,2,100.0,0.8167933695743474
2024-01-31,00:00:00,Gym,96.40921964501865,Transport,Stressed,Mall,Meeting,3,100.0,0.959592147609234
2024-01-31,01:00:00,Grocery Store,38.18162521711035,Food,Stressed,Gym,Meeting,2,100.0,0.792662476751617
2024-01-31,02:00:00,Amazon,123.51281229122729,Transport,Happy,Gym,None,1,100.0,0.6038030788437534
2024-01-31,03:00:00,Gym,13.697413786725594,Shopping,Stressed,Home,Weekend,4,100.0,0.4933415880523805
2024-01-31,04:00:00,Amazon,164.67831481524954,Entertainment,Excited,Restaurant,Weekend,2,100.0,0.04006908634826667
2024-01-31,05:00:00,Shell Gas,63.16608191938465,Entertainment,Sad,Home,Weekend,2,100.0,0.9843219788140413
2024-01-31,06:00:00,Grocery Store,33.90779919349241,Healthcare,Sad,Gym,Meeting,2,100.0,0.3834811225750425
2024-01-31,07:00:00,Netflix,20.97962609524186,Groceries,Happy,Work,Vacation,1,100.0,0.1522282139168668
2024-01-31,08:00:00,Walmart,42.617849353852485,Bills,Stressed,Travel,Vacation,3,100.0,0.6667088553964567
2024-01-31,09:00:00,Uber,20.818224258781946,Groceries,Neutral,Work,Birthday,2,100.0,0.28428828909545933
2024-01-31,10:00:00,Netflix,19.095978344724628,Shopping,Neutral,Home,Vacation,1,100.0,0.5857782709310476
2024-01-31,11:00:00,Walmart,58.03195692397008,Transport,Stressed,Travel,Holiday,4,100.0,0.5867679078445912
2024-01-31,12:00:00,Starbucks,47.020821176917444,Entertainment,Neutral,Gym,Meeting,5,100.0,0.44572982090286917
2024-01-31,13:00:00,Pharmacy,65.44768404234725,Groceries,Happy,Work,Weekend,1,100.0,0.8361186155450426
2024-01-31,14:00:00,Restaurant,142.68227527055504,Shopping,Happy,Gym,Vacation,5,100.0,0.26496706155544303
2024-01-31,15:00:00,Restaurant,47.99215745521797,Entertainment,Stressed,Travel,Meeting,2,100.0,0.44863259161773417
2024-01-31,16:00:00,Uber,53.48611040782828,Transport,Neutral,Travel,Vacation,2,100.0,0.5376921285909715
2024-01-31,17:00:00,Grocery Store,14.695007371889947,Groceries,Happy,Work,None,1,100.0,0.6636247207672996
2024-01-31,18:00:00,Shell Gas,73.22787510162058,Entertainment,Happy,Gym,Weekend,5,100.0,0.7839718505055895
2024-01-31,19:00:00,Grocery Store,35.53338237925725,Bills,Excited,Mall,None,2,100.0,0.39480728287825606
2024-01-31,20:00:00,Shell Gas,198.01928549514474,Bills,Excited,Gym,Weekend,4,100.0,0.646046944096596
2024-01-31,21:00:00,Grocery Store,96.62945844824675,Healthcare,Happy,Travel,Meeting,3,100.0,0.15061095306851913
2024-01-31,22:00:00,Pharmacy,46.95757070620985,Healthcare,Stressed,Gym,Birthday,3,100.0,0.9326481005424786
2024-01-31,23:00:00,Starbucks,16.575110022678466,Entertainment,Sad,Home,Vacation,2,100.0,0.38305880642100354
2024-02-01,00:00:00,Starbucks,108.09743168286303,Shopping,Sad,Mall,Vacation,5,100.0,0.7295214219764384
2024-02-01,01:00:00,Walmart,90.4171994053831,Bills,Happy,Restaurant,Holiday,2,100.0,0.020341081882177647
2024-02-01,02:00:00,Gym,20.202912587356423,Shopping,Happy,Home,None,5,100.0,0.205187142904807
2024-02-01,03:00:00,Starbucks,27.497614529076568,Shopping,Happy,Restaurant,Vacation,4,100.0,0.487082544323578
2024-02-01,04:00:00,Starbucks,88.8502927158306,Entertainment,Stressed,Work,Meeting,5,100.0,0.8782524677323466
2024-02-01,05:00:00,Netflix,20.24237537727626,Shopping,Excited,Restaurant,Birthday,2,100.0,0.5272551499506771
2024-02-01,06:00:00,Netflix,134.90110766381977,Bills,Happy,Gym,Meeting,4,100.0,0.929870482293879
2024-02-01,07:00:00,Walmart,37.62818532553218,Transport,Happy,Restaurant,None,1,100.0,0.48379689658279634
2024-02-01,08:00:00,Gym,14.553103732011945,Healthcare,Neutral,Travel,Holiday,3,100.0,0.49044909673594994
2024-02-01,09:00:00,Uber,94.57271928417575,Transport,Stressed,Home,Vacation,2,100.0,0.11974678850053189
2024-02-01,10:00:00,Netflix,33.381098026651685,Shopping,Happy,Home,Meeting,2,100.0,0.8026562441522198
2024-02-01,11:00:00,Uber,47.38008322323492,Transport,Neutral,Restaurant,Weekend,2,100.0,0.2469654124670625
2024-02-01,12:00:00,Amazon,15.956316246409841,Bills,Sad,Home,Birthday,4,100.0,0.8996124893723151
2024-02-01,13:00:00,Netflix,10.129367958689054,Bills,Happy,Travel,Meeting,1,100.0,0.9108242203303961
2024-02-01,14:00:00,Pharmacy,60.80351000085616,Shopping,Happy,Home,Birthday,5,100.0,0.9433101118741497
2024-02-01,15:00:00,Gym,46.198381461511666,Entertainment,Neutral,Restaurant,Vacation,1,100.0,0.52023048910309
2024-02-01,16:00:00,Walmart,55.01331177437549,Transport,Stressed,Mall,Weekend,4,100.0,0.6770937847836443
2024-02-01,17:00:00,Amazon,88.93182189374771,Entertainment,Happy,Mall,Holiday,2,100.0,0.7785158800616635
2024-02-01,18:00:00,Gym,62.008572609090656,Entertainment,Sad,Work,Holiday,3,100.0,0.1310146186504656
2024-02-01,19:00:00,Pharmacy,19.604865779624582,Food,Happy,Home,Weekend,2,100.0,0.6009571949974972
2024-02-01,20:00:00,Gym,32.37474464118765,Shopping,Sad,Restaurant,Birthday,5,100.0,0.03429790130331167
2024-02-01,21:00:00,Pharmacy,128.16513537520603,Healthcare,Excited,Home,Vacation,3,100.0,0.4975660833887259
2024-02-01,22:00:00,Pharmacy,83.47177826350682,Bills,Excited,Gym,Meeting,2,100.0,0.1548426816202274
2024-02-01,23:00:00,Uber,50.668328102783256,Bills,Sad,Travel,Weekend,3,100.0,0.1829229259620847
2024-02-02,00:00:00,Grocery Store,24.7618602234204,Shopping,Stressed,Home,None,1,100.0,0.3650475666926015
2024-02-02,01:00:00,Amazon,27.981142941150203,Groceries,Happy,Home,Birthday,4,100.0,0.432437166716503
2024-02-02,02:00:00,Gym,75.83059232389124,Groceries,Happy,Mall,Holiday,2,100.0,0.6231724245321872
2024-02-02,03:00:00,Shell Gas,105.2489596701079,Groceries,Excited,Travel,Weekend,5,100.0,0.07442841843851566
2024-02-02,04:00:00,Amazon,65.64945754245562,Healthcare,Sad,Restaurant,Holiday,1,100.0,0.5036917612374446
2024-02-02,05:00:00,Grocery Store,92.91302249559308,Bills,Happy,Home,Birthday,2,100.0,0.18262513025310112
2024-02-02,06:00:00,Amazon,82.7621049384993,Shopping,Happy,Mall,Holiday,1,100.0,0.5739751750317419
2024-02-02,07:00:00,Starbucks,18.10853585694607,Bills,Stressed,Work,Weekend,5,100.0,0.6374046122611835
2024-02-02,08:00:00,Shell Gas,37.5775905980706,Entertainment,Neutral,Travel,Birthday,2,100.0,0.5567092565528539
2024-02-02,09:00:00,Grocery Store,18.30177295814924,Transport,Excited,Mall,None,5,100.0,0.7382955104783077
2024-02-02,10:00:00,Uber,23.409372328634547,Transport,Excited,Mall,Weekend,3,100.0,0.3356092442409013
2024-02-02,11:00:00,Gym,111.72708949222253,Bills,Neutral,Mall,Meeting,5,100.0,0.7651065916331309
2024-02-02,12:00:00,Restaurant,42.01748763258207,Food,Happy,Home,Vacation,3,100.0,0.43276708170819367
2024-02-02,13:00:00,Grocery Store,48.32441407862795,Healthcare,Stressed,Home,Weekend,2,100.0,0.4841844983225968
2024-02-02,14:00:00,Walmart,19.827878396286536,Groceries,Stressed,Work,Birthday,3,100.0,0.6481021272610714
2024-02-02,15:00:00,Gym,28.718077847921343,Healthcare,Excited,Gym,Vacation,2,100.0,0.01835838399922396
2024-02-02,16:00:00,Grocery Store,23.084225725304172,Healthcare,Stressed,Gym,Weekend,2,100.0,0.6539942214202483
2024-02-02,17:00:00,Starbucks,21.545315467750648,Entertainment,Neutral,Gym,None,4,100.0,0.6185851490721154
2024-02-02,18:00:00,Restaurant,60.80013836320112,Healthcare,Happy,Travel,None,2,100.0,0.3098471167532799
2024-02-02,19:00:00,Starbucks,24.84514588036238,Transport,Neutral,Travel,Meeting,3,100.0,0.08579428489948948
2024-02-02,20:00:00,Restaurant,59.985721163794224,Entertainment,Sad,Work,Holiday,4,100.0,0.09093544991304114
2024-02-02,21:00:00,Walmart,13.011636305396443,Shopping,Excited,Travel,Vacation,4,100.0,0.9232237469852286
2024-02-02,22:00:00,Gym,17.64441347254709,Healthcare,Stressed,Gym,Birthday,2,100.0,0.6892793212258371
2024-02-02,23:00:00,Uber,26.047484634542077,Healthcare,Sad,Gym,Birthday,5,100.0,0.1271026137707404
2024-02-03,00:00:00,Starbucks,55.44675714543461,Shopping,Stressed,Mall,Holiday,5,100.0,0.35672316930890635
2024-02-03,01:00:00,Starbucks,66.32609494473468,Healthcare,Happy,Travel,None,4,100.0,0.5924829939015964
2024-02-03,02:00:00,Pharmacy,39.23410147385877,Shopping,Happy,Home,None,2,100.0,0.8355717050906487
2024-02-03,03:00:00,Restaurant,39.51066264629343,Entertainment,Happy,Home,Weekend,5,100.0,0.04366092871300853
2024-02-03,04:00:00,Netflix,74.46144094305377,Transport,Stressed,Mall,Meeting,2,100.0,0.23663313147000886
2024-02-03,05:00:00,Gym,10.797379057262392,Shopping,Sad,Mall,Vacation,2,100.0,0.88974899029538
2024-02-03,06:00:00,Restaurant,30.85841807555955,Food,Happy,Mall,Meeting,4,100.0,0.009165550183816484
2024-02-03,07:00:00,Pharmacy,95.3820543535613,Shopping,Sad,Home,Meeting,4,100.0,0.2013991027938874
2024-02-03,08:00:00,Amazon,56.2185910818133,Healthcare,Stressed,Gym,Weekend,1,100.0,0.959024175972966
2024-02-03,09:00:00,Restaurant,30.5661465416431,Groceries,Sad,Mall,Meeting,5,100.0,0.6134018465221711
2024-02-03,10:00:00,Uber,127.97089157989451,Groceries,Stressed,Work,Holiday,5,100.0,0.26167136663750645
2024-02-03,11:00:00,Gym,84.05723237343535,Entertainment,Stressed,Mall,Weekend,5,100.0,0.0669910943958476
2024-02-03,12:00:00,Pharmacy,25.387127061408787,Bills,Excited,Restaurant,Holiday,3,100.0,0.028191340447222157
2024-02-03,13:00:00,Amazon,61.82271333564202,Entertainment,Stressed,Mall,Weekend,2,100.0,0.24474507963692727
2024-02-03,14:00:00,Shell Gas,55.28617909298847,Bills,Stressed,Home,Meeting,4,100.0,0.8814858195889105
2024-02-03,15:00:00,Pharmacy,35.64037215023586,Groceries,Neutral,Travel,Holiday,5,100.0,0.4159136542975095
2024-02-03,16:00:00,Shell Gas,32.860773705125176,Groceries,Happy,Mall,Holiday,1,100.0,0.720333369165993
2024-02-03,17:00:00,Gym,31.046235321465517,Shopping,Excited,Travel,Holiday,5,100.0,0.9182850353799578
2024-02-03,18:00:00,Starbucks,58.00635588515437,Transport,Excited,Restaurant,Weekend,2,100.0,0.4080404616028166
2024-02-03,19:00:00,Pharmacy,39.206561989094325,Food,Excited,Work,Birthday,2,100.0,0.19127737103739706
2024-02-03,20:00:00,Walmart,99.14884146375068,Entertainment,Neutral,Travel,Meeting,4,100.0,0.5171179308569195
2024-02-03,21:00:00,Shell Gas,65.37295777238305,Healthcare,Stressed,Gym,Holiday,3,100.0,0.9080836870598544
2024-02-03,22:00:00,Uber,13.624857664550683,Bills,Happy,Mall,Vacation,4,100.0,0.8043744141377006
2024-02-03,23:00:00,Walmart,61.10593225784038,Healthcare,Sad,Restaurant,Birthday,5,100.0,0.06582984336315378
2024-02-04,00:00:00,Grocery Store,25.814190614197415,Transport,Stressed,Restaurant,Vacation,1,100.0,0.6925728000775818
2024-02-04,01:00:00,Grocery Store,54.92401316150505,Bills,Neutral,Travel,Meeting,4,100.0,0.5718975224589538
2024-02-04,02:00:00,Amazon,66.99233264496769,Entertainment,Stressed,Work,Meeting,3,100.0,0.9074631763464255
2024-02-04,03:00:00,Starbucks,23.122110670282314,Shopping,Stressed,Home,Holiday,4,100.0,0.12248141685029723
2024-02-04,04:00:00,Gym,40.519283521115014,Healthcare,Neutral,Mall,Holiday,2,100.0,0.5340361132046566
2024-02-04,05:00:00,Pharmacy,20.55610884862699,Transport,Excited,Restaurant,Weekend,5,100.0,0.8794626935118923
2024-02-04,06:00:00,Netflix,12.687915227119364,Entertainment,Excited,Work,Birthday,5,100.0,0.410023786741743
2024-02-04,07:00:00,Uber,33.779071694653325,Groceries,Happy,Gym,Birthday,5,100.0,0.48199491773286707
2024-02-04,08:00:00,Shell Gas,32.54490709542394,Groceries,Happy,Restaurant,Holiday,5,100.0,0.0704606776669583
2024-02-04,09:00:00,Gym,279.96759269600494,Entertainment,Excited,Work,Meeting,5,100.0,0.2781436404489108
2024-02-04,10:00:00,Walmart,39.56134037845248,Entertainment,Sad,Home,Holiday,5,100.0,0.32450664916894734
2024-02-04,11:00:00,Grocery Store,30.29097475520596,Entertainment,Stressed,Home,Meeting,1,100.0,0.9451224487448869
2024-02-04,12:00:00,Uber,53.431608805255046,Bills,Sad,Restaurant,Meeting,3,100.0,0.28266736054115904
2024-02-04,13:00:00,Netflix,14.647854201277944,Entertainment,Stressed,Restaurant,Holiday,5,100.0,0.460868735269652
2024-02-04,14:00:00,Pharmacy,173.07055800710407,Healthcare,Excited,Travel,None,3,100.0,0.6713044235642798
2024-02-04,15:00:00,Amazon,60.38742336281254,Transport,Happy,Mall,Birthday,5,100.0,0.1621833724078774
2024-02-04,16:00:00,Netflix,80.29176640053994,Bills,Happy,Work,Vacation,4,100.0,0.4864423871418745
2024-02-04,17:00:00,Uber,19.345278658497893,Entertainment,Sad,Restaurant,Meeting,5,100.0,0.7385390394759076
2024-02-04,18:00:00,Netflix,36.3374069276518,Food,Happy,Mall,Meeting,2,100.0,0.866855213027066
2024-02-04,19:00:00,Uber,37.46871796501041,Food,Excited,Travel,None,1,100.0,0.6262592746624267
2024-02-04,20:00:00,Uber,96.24424628301742,Transport,Sad,Mall,Vacation,4,100.0,0.6690535153169479
2024-02-04,21:00:00,Restaurant,10.06187225394291,Groceries,Stressed,Restaurant,Weekend,4,100.0,0.12628347258456896
2024-02-04,22:00:00,Shell Gas,27.89472067042037,Shopping,Happy,Home,None,2,100.0,0.9457764972463472
2024-02-04,23:00:00,Grocery Store,208.79175444241866,Shopping,Neutral,Work,Vacation,5,100.0,0.13257407748448236
2024-02-05,00:00:00,Restaurant,42.2070466065598,Groceries,Happy,Work,None,1,100.0,0.7746729371817983
2024-02-05,01:00:00,Pharmacy,34.10593852426388,Bills,Stressed,Home,Meeting,4,100.0,0.2648163217783188
2024-02-05,02:00:00,Restaurant,16.381953724886685,Bills,Sad,Restaurant,Birthday,1,100.0,0.9335931437012516
2024-02-05,03:00:00,Starbucks,192.80053712919943,Bills,Stressed,Work,None,4,100.0,0.7199595393694795
2024-02-05,04:00:00,Starbucks,11.011480074051295,Shopping,Neutral,Restaurant,Weekend,5,100.0,0.753813712978369
2024-02-05,05:00:00,Grocery Store,76.8143373946901,Food,Excited,Travel,Holiday,4,100.0,0.21905917305988332
2024-02-05,06:00:00,Netflix,83.1803310306161,Shopping,Happy,Restaurant,Vacation,4,100.0,0.4430399766351608
2024-02-05,07:00:00,Shell Gas,23.96299632924015,Healthcare,Sad,Mall,None,3,100.0,0.6178131945892864
2024-02-05,08:00:00,Grocery Store,65.66981837137001,Entertainment,Excited,Home,None,5,100.0,0.7699736182066009
2024-02-05,09:00:00,Uber,14.87673555288127,Bills,Stressed,Restaurant,Weekend,2,100.0,0.10395937591238957
2024-02-05,10:00:00,Walmart,24.856142597174895,Food,Sad,Travel,Birthday,2,100.0,0.9623653164545284
2024-02-05,11:00:00,Shell Gas,87.53533958853458,Transport,Excited,Gym,None,5,100.0,0.890220670554556
2024-02-05,12:00:00,Shell Gas,110.00793472836082,Transport,Sad,Home,None,2,100.0,0.27034859049558435
2024-02-05,13:00:00,Uber,56.88675291518414,Entertainment,Neutral,Work,Birthday,5,100.0,0.822760243032332
2024-02-05,14:00:00,Uber,45.3459217063664,Food,Neutral,Mall,Weekend,2,100.0,0.5183239230398234
2024-02-05,15:00:00,Amazon,18.676259165905037,Shopping,Happy,Work,Vacation,3,100.0,0.46180648156201864
2024-02-05,16:00:00,Grocery Store,13.25941837632158,Shopping,Happy,Travel,Vacation,2,100.0,0.3144341058114054
2024-02-05,17:00:00,Uber,16.258268761326534,Healthcare,Neutral,Travel,None,4,100.0,0.5809685866315925
2024-02-05,18:00:00,Starbucks,22.89692812375332,Healthcare,Sad,Work,Birthday,5,100.0,0.7298891177035978
2024-02-05,19:00:00,Pharmacy,30.902789600071262,Shopping,Neutral,Home,None,1,100.0,0.41093290496275825
2024-02-05,20:00:00,Walmart,33.97519273186611,Transport,Happy,Work,Holiday,1,100.0,0.6292191930082921
2024-02-05,21:00:00,Grocery Store,31.257002474885592,Bills,Neutral,Restaurant,Vacation,5,100.0,0.6993129211553037
2024-02-05,22:00:00,Gym,23.65973168079004,Transport,Neutral,Work,Meeting,3,100.0,0.7111218170152859
2024-02-05,23:00:00,Starbucks,45.63936422186178,Healthcare,Sad,Mall,Holiday,2,100.0,0.05196609813118025
2024-02-06,00:00:00,Netflix,97.23027735804484,Entertainment,Excited,Mall,None,3,100.0,0.8597478056850669
2024-02-06,01:00:00,Uber,26.40461997978668,Shopping,Happy,Gym,Weekend,1,100.0,0.45825331476504794
2024-02-06,02:00:00,Gym,152.70036869311107,Healthcare,Sad,Mall,Vacation,5,100.0,0.26241608169621444
2024-02-06,03:00:00,Uber,113.31112960211377,Healthcare,Neutral,Work,Meeting,5,100.0,0.2417645074796816
2024-02-06,04:00:00,Shell Gas,18.822792368791312,Bills,Neutral,Mall,Holiday,3,100.0,0.48301411284395046
2024-02-06,05:00:00,Starbucks,87.15348068300094,Shopping,Excited,Home,Vacation,3,100.0,0.8868315394689592
2024-02-06,06:00:00,Shell Gas,52.734785795389556,Bills,Happy,Mall,Birthday,2,100.0,0.3783475816826469
2024-02-06,07:00:00,Amazon,51.80186718569846,Shopping,Happy,Restaurant,Weekend,4,100.0,0.7497257467835433
2024-02-06,08:00:00,Shell Gas,34.800361611200124,Bills,Stressed,Home,Holiday,4,100.0,0.0968187309872186
2024-02-06,09:00:00,Amazon,44.77279209163777,Transport,Happy,Gym,Birthday,2,100.0,0.4760567021510618
2024-02-06,10:00:00,Amazon,35.30673030979691,Entertainment,Excited,Restaurant,None,4,100.0,0.9916861403927356
2024-02-06,11:00:00,Gym,48.7973847400943,Entertainment,Stressed,Work,Birthday,1,100.0,0.770437802792337
2024-02-06,12:00:00,Uber,59.43635834908681,Shopping,Stressed,Work,Holiday,4,100.0,0.210528488440613
2024-02-06,13:00:00,Netflix,66.08951268121962,Food,Neutral,Work,Holiday,2,100.0,0.5014414736979107
2024-02-06,14:00:00,Shell Gas,48.01578506215918,Groceries,Neutral,Restaurant,None,4,100.0,0.23362476364856655
2024-02-06,15:00:00,Starbucks,73.90287143507564,Healthcare,Happy,Restaurant,Birthday,5,100.0,0.40956092726250926
2024-02-06,16:00:00,Amazon,17.61550494454098,Healthcare,Stressed,Restaurant,Birthday,3,100.0,0.7800840237349648
2024-02-06,17:00:00,Uber,21.911748485195055,Shopping,Neutral,Home,None,1,100.0,0.7712248152904037
2024-02-06,18:00:00,Walmart,95.38976262639204,Bills,Excited,Travel,Birthday,5,100.0,0.22810037790238513
2024-02-06,19:00:00,Grocery Store,29.469351139761926,Food,Neutral,Home,Vacation,5,100.0,0.9222233181548601
2024-02-06,20:00:00,Gym,11.157997915287222,Transport,Neutral,Work,None,2,100.0,0.5925681827648268
2024-02-06,21:00:00,Netflix,18.34945409190571,Bills,Stressed,Travel,Weekend,3,100.0,0.3799242909620145
2024-02-06,22:00:00,Restaurant,22.655300971593157,Bills,Stressed,Mall,Holiday,3,100.0,0.5019355807808606
2024-02-06,23:00:00,Gym,167.70462593611558,Shopping,Sad,Work,Weekend,1,100.0,0.6050712534377437
2024-02-07,00:00:00,Walmart,52.553414685891575,Shopping,Excited,Gym,Vacation,2,100.0,0.5598905318457854
2024-02-07,01:00:00,Grocery Store,144.952595726546,Healthcare,Stressed,Home,Vacation,1,100.0,0.4864050355361782
2024-02-07,02:00:00,Walmart,52.80252690251994,Shopping,Happy,Restaurant,Meeting,4,100.0,0.5049328040894001
2024-02-07,03:00:00,Shell Gas,42.63428880545756,Shopping,Excited,Home,Meeting,5,100.0,0.17641191042788618
2024-02-07,04:00:00,Amazon,28.82403892042975,Shopping,Excited,Restaurant,Meeting,1,100.0,0.8127329043046794
2024-02-07,05:00:00,Netflix,56.617314824572404,Healthcare,Stressed,Travel,None,5,100.0,0.5417603199410154
2024-02-07,06:00:00,Pharmacy,17.494539737780364,Transport,Excited,Gym,Birthday,2,100.0,0.1310798617047031
2024-02-07,07:00:00,Amazon,124.26753671680467,Transport,Stressed,Travel,Vacation,4,100.0,0.7661571015827779
2024-02-07,08:00:00,Pharmacy,98.40187520001187,Groceries,Neutral,Gym,Weekend,2,100.0,0.9324439783773508
2024-02-07,09:00:00,Grocery Store,29.101941522984713,Groceries,Sad,Home,Weekend,4,100.0,0.9473068992369621
2024-02-07,10:00:00,Uber,162.66545032169856,Shopping,Neutral,Restaurant,Weekend,4,100.0,0.36901773241117275
2024-02-07,11:00:00,Restaurant,97.20586030097924,Groceries,Stressed,Travel,Weekend,5,100.0,0.13551687356075404
2024-02-07,12:00:00,Starbucks,64.87667641222704,Healthcare,Stressed,Gym,Meeting,2,100.0,0.5183996266330652
2024-02-07,13:00:00,Amazon,16.491877513418167,Transport,Neutral,Work,Weekend,2,100.0,0.11260922934922069
2024-02-07,14:00:00,Netflix,42.52680558202134,Bills,Happy,Work,Birthday,1,100.0,0.9339874185126172
2024-02-07,15:00:00,Walmart,45.27187539305063,Transport,Happy,Travel,Meeting,2,100.0,0.183579627355146
2024-02-07,16:00:00,Netflix,23.23418590983834,Transport,Happy,Restaurant,Weekend,1,100.0,0.2527658599511641
2024-02-07,17:00:00,Grocery Store,14.16719974098126,Healthcare,Stressed,Travel,None,3,100.0,0.40663652688497043
2024-02-07,18:00:00,Pharmacy,84.96724748062904,Groceries,Excited,Home,Holiday,3,100.0,0.3831644685591258
2024-02-07,19:00:00,Walmart,16.507430441844257,Bills,Stressed,Gym,Holiday,3,100.0,0.794662892397889
2024-02-07,20:00:00,Starbucks,55.1059255157866,Healthcare,Excited,Home,Holiday,2,100.0,0.45631682055096234
2024-02-07,21:00:00,Starbucks,147.79576409804184,Shopping,Neutral,Work,Meeting,2,100.0,0.1707682600033369